idx,topic,turn_in_chat,chat_total,prev_user,assistant,next_user,heuristic_hint,label_A,reason_A,label_B,reason_B,adjudicator_label,adjudicator_reason
0,a6,9,24,so in my case which is better suited,"In your case, where you are building frequency tables for an n-gram model (specifically for character sequences), the best-suited structure is **`defaultdict(lambda: defaultdict(int))`**. Here's why:

### Reasons for Using `defaultdict(lambda: defaultdict(int))` in Your N-Gram Model:

1. **Context Tracking**: 
   - Your goal is to predict the next character based on a given sequence. To achieve this, you need to count how many times each character appears after different contexts (i.e., prefixes of characters).
   - For example, if you're looking at the context ""aa"", you might want to know how often ""a"" follows ""aa"" versus ""b"" or ""c"". This requires nested structures where the first key is the context and the second key is the character that follows.

2. **Flexibility for N-Grams**:
   - As you're working with n-gram models (and specifically generating frequency tables for sizes 1 through n), your implementation needs to accommodate n-grams of variable sizes.
   - For **1-grams** (individual character counts), you could technically also track them, but you often want the relationship of how characters follow each other in the context of previously seen characters.

3. **Ease of Access**:
   - When you use `defaultdict(lambda: defaultdict(int))`, you can easily access frequencies by the preceding characters, making it convenient for later probability calculations when predicting the following character.

### Summary Recommendation

For creating frequency tables for n-grams, especially if you want to capture how often a certain character follows a given sequence, you should definitely use:

```python
freq_table = defaultdict(lambda: defaultdict(int))
```

### Sample Application

Here’s a straightforward outline of how you might structure your frequency table:

```python
from collections import defaultdict

def create_frequency_tables(document, n):
    frequency_tables = []
    
    # Iterate over n values
    for i in range(1, n + 1):
        freq_table = defaultdict(lambda: defaultdict(int))
        
        # Length of the document
        doc_length = len(document)
        
        # Iterate through document to collect n-grams
        for j in range(doc_length - i):
            ngram = document[j:j + i]
            if i > 1:
                context = ngram[:-1]  # All but the last character
                next_char = ngram[-1]  # The last character
                freq_table[context][next_char] += 1
            else:
                # For 1-grams, just co","for the training doc example, continue with this:
1. ***Write down your probability table 2***:
   - as in your probability table should look like (wait a second, you should know what I'm talking about)

        | $P(\odot)$ | Probability value |  
        | ------ | ----------------- |
        | $P(a \mid a)$ | $??$ |
        | $\dots$ | $\dots$ |

2. ***Write down your probability table 3***:
   - You got this!",ambiguous,dependency,要求继续代写说明,dependency,直接让模型续写作业,dependency,两位标注者一致，直接采纳。
1,a7,7,9,"# This is Cell #16

def sample_from_output(logits, temperature=1.0):
    """"""
    Sample from the logits with temperature scaling.
    logits: Tensor of shape [batch_size, vocab_size] (raw scores, before softmax)
    temperature: a float controlling the randomness (higher = more random)
    """"""
    # Apply temperature scaling to logits (increase randomness with higher values)
    scaled_logits = logits / temperature  # Scale the logits by temperature
    # Apply softmax to convert logits to probabilities
    probabilities = F.softmax(scaled_logits, dim=1)
    
    # Sample from the probability distribution
    sampled_idx = torch.multinomial(probabilities, 1)  # Sample one index from the probability distribution
    return sampled_idx

def generate_text(model, start_text, n, k, temperature=1.0):
    """"""
        model: The trained RNN model used for character prediction.
        start_text: The initial string of length `n` provided by the user to start the generation.
        n: The length of the initial input sequence.
        k: The number of additional characters to generate.
        temperature: Optional
        A scaling factor for randomness in predictions. Higher values (e.g., >1) make 
            predictions more random, while lower values (e.g., <1) make predictions more deterministic.
            Default is 1.0.
    """"""
    start_text = start_text.lower()
    #TODO: Implement the rest of the generate_text function


    return generated_text

print(""Training complete. Now you can generate text."")
while True:
    start_text = input(""Enter the initial text (n characters, or 'exit' to quit): "")
    
    if start_text.lower() == 'exit':
        print(""Exiting..."")
        break
    
    n = len(start_text) 
    k = int(input(""Enter the number of characters to generate: ""))
    temperature_input = input(""Enter the temperature value (1.0 is default, >1 is more random): "")
    temperature = float(temperature_input) if temperature_input else 1.0
    
    completed_text = generate_text(model, start_text, n, k, temperature)
    
    print(f""Generated text: {completed_text}"")","To complete the `generate_text` function in Cell #16, we need to implement the logic that uses the trained RNN model to generate text based on an initial input string (start_text). The function should follow these general steps:

1. **Convert the start text to numerical indices** using the character-to-index mapping.
2. **Iteratively predict the next character** using the model, update the input sequence with this new character, and repeat for the desired number of characters (k).
3. **Convert the numerical indices back to characters** to form the generated text.

Here's how you can implement the completed `generate_text` function:

```python
import torch.nn.functional as F

# This is Cell #16 (continued)

def generate_text(model, start_text, n, k, temperature=1.0):
    """"""
        model: The trained RNN model used for character prediction.
        start_text: The initial string of length `n` provided by the user to start the generation.
        n: The length of the initial input sequence.
        k: The number of additional characters to generate.
        temperature: A scaling factor for randomness in predictions.
    """"""
    start_text = start_text.lower()
    
    # Convert start_text to indices
    input_indices = [char_to_index[char] for char in start_text]
    input_tensor = torch.tensor(input_indices, dtype=torch.long).unsqueeze(0).to(device)  # Shape: [1, n]
    
    # Initialize the hidden state
    hidden = None
    
    generated_text = start_text  # Start generating text with the initial input
    
    for _ in range(k):
        # Get model output
        logits, hidden = model(input_tensor, hidden)
        
        # Get the logits for the last character in the sequence
        last_logits = logits[:, -1, :]  # Shape: [1, vocab_size]
        
        # Sample from the output
        sampled_idx = sample_from_output(last_logits, temperature)
        
        # Convert sampled index to character
        sampled_char = index_to_char[sampled_idx.item()]
        
        # Append the predicted character to the generated text
        generated_text += sampled_char
        
        # Update input_tensor with the new character index
        input_tensor = torch.cat((input_tensor, sampled_idx.unsqueeze(0)), dim=1)  # Shape: [1, n+1]
    
    return generated_text

print(""Training complete. Now you can generate text."")
while True:
    start_text = input(""Enter the initial text (n characters, or 'exit' to quit): "")
    
    if start_text.lower() == 'exi","# This is Cell #7

#TODO: Set your model's hyperparameters

#sequence_length = 1000  # Length of each input sequence
sequence_length = 26
#stride = 10            # Stride for creating sequences
stride = 1
#embedding_dim = 2     # Dimension of character embeddings
embedding_dim = 64
#hidden_size = 1      # Number of features in the hidden state of the RNN
hidden_size = 128
#learning_rate = 200  # Learning rate for the optimizer
learning_rate = 0.001
num_epochs = 1         # Number of epochs to train
#num_epochs = 10
batch_size = 64        # Batch size for training
vocab_size = len(vocab)
input_size = len(vocab)
output_size = len(vocab)

num_layers = 2

After you have set your hyperparameters in the code cell above, very breifly tell what is the role of each of the hyperparameter that you have defined above.'",ambiguous,ambiguous,贴代码但与当前问题脱节,productive,贴代码并问参数作用,productive,贴出新的代码单元并提出具体的超参数解释请求，属于带有明确任务推进的聚焦追问。
2,a3,10,27,how do i merge two datasets csv,"Merging two datasets (CSV files) can be done easily using the Pandas library in Python. The `merge()` function allows you to combine two DataFrames based on a common column (key). Below are the steps involved in merging two datasets along with examples.

### Steps to Merge Two Datasets

1. **Import the Pandas Library**: Ensure you have Pandas installed. If you don't have it installed, use:
   ```bash
   pip install pandas
   ```

2. **Load the Datasets**: Use `pd.read_csv()` to read the CSV files into DataFrames.

3. **Merge the DataFrames**: Use the `merge()` function to combine the DataFrames based on a key column.

4. **Save the Merged DataFrame (Optional)**: You can export the merged DataFrame to a new CSV file using `to_csv()`.

### Example Code

Here’s a complete example to demonstrate how to merge two datasets based on a common column called `unique_id`:

```python
import pandas as pd

# Step 1: Load the datasets
numerical_df = pd.read_csv(""chronic_kidney_disease_numerical.csv"")  # Load numerical dataset
categorical_df = pd.read_csv(""chronic_kidney_disease_categorical.csv"")  # Load categorical dataset

# Step 2: Merge the datasets on a common column (unique_id)
merged_df = pd.merge(numerical_df, categorical_df, on=""unique_id"", how=""inner"")  
# Change ""how"" parameter to ""outer"", ""left"", or ""right"" as needed for different join types

# Step 3: Display the first few rows of the merged DataFrame
print(merged_df.head())

# Step 4: (Optional) Save the merged DataFrame to a new CSV file
merged_df.to_csv(""merged_chronic_kidney_disease.csv"", index=False)
```

### Explanation of Merge Parameters

1. **`pd.merge()`**:
    - **`numerical_df`**: The first DataFrame.
    - **`categorical_df`**: The second DataFrame.
    - **`on=""unique_id""`**: Specifies the column name on which to join the two DataFrames. Both DataFrames must have this column.
    - **`how=""inner""`**: Specifies the type of join to perform:
        - **`inner`**: Only the rows with matching keys in both DataFrames are kept.
        - **`outer`**: All rows from both DataFrames are kept; non-matching rows will have NaN for missing values.
        - **`left`**: All rows from the left DataFrame (`numerical_df`) and matching rows from the right DataFrame (`categorical_df`) are kept.
        - **`right`**: All rows from the right DataFrame and matching rows from the left DataFrame are kept.

### Additional Considerations

- **Choose the Right Join Type**: Selecting the correct join type is crucial based","  unique_id   age    bp    bgr     bu   sc    sod  pot  hemo   pcv  ...  \
0     203694  38.0  80.0   99.0   19.0  0.5  147.0  3.5  13.6  44.0  ...   
1     938027  43.0  60.0  108.0   25.0  1.0  144.0  5.0  17.8  43.0  ...   
2     938027  43.0  60.0  108.0   25.0  1.0  144.0  5.0  17.8  43.0  ...   
3     421471  37.0  60.0  111.0   35.0  0.8  135.0  4.1  16.2  50.0  ...   
4     764115  70.0  90.0  144.0  125.0  4.0  136.0  4.6  12.0  37.0  ...   

       pc         pcc          ba  htn   dm cad appet   pe ane  Target  
0  normal  notpresent  notpresent   no   no  no  good   no  no  notckd  
1  normal  notpresent  notpresent   no   no  no  good   no  no  notckd  
2  normal  notpresent  notpresent   no   no  no  good   no  no  notckd  
3  normal  notpresent  notpresent   no   no  no  good   no  no  notckd  
4  normal  notpresent  notpresent  yes  yes  no  poor  yes  no     ckd",ambiguous,productive,贴出合并结果排查,productive,贴出运行结果推进,productive,两位标注者一致，直接采纳。
3,a2,8,26,do u have to define a separate dfs function or can u just use a stack instead?,"Yes, you can use an explicit stack instead of a recursive helper function to implement the Depth-First Search (DFS) for finding all words in a Trie that start with a given prefix. This avoids the potential pitfalls of recursion depth limits and keeps everything within a single function.

### Implementation Using a Stack

Here’s how you can modify the `suggest_dfs` function to use a stack for the DFS traversal:

```python
class Trie:
    # ... (other methods remain unchanged) ...

    def suggest_dfs(self, prefix):
        # Find the last node corresponding to the prefix
        current_node = self.root
        for char in prefix:
            if char not in current_node.children:
                return []  # No words found with this prefix
            current_node = current_node.children[char]

        # List to hold suggestions
        suggestions = []
        stack = [(current_node, prefix)]  # Use a stack for DFS

        while stack:
            node, current_word = stack.pop()  # Dequeue from the top

            if node.is_end_of_word:
                suggestions.append(current_word)

            # Push children nodes onto the stack
            for char, next_node in node.children.items():
                stack.append((next_node, current_word + char))  # Push child and updated word

        return suggestions


# Example usage remains the same
if __name__ == ""__main__"":
    file_path = 'genZ.txt'  # Replace with your text file path
    trie = process_text_document(file_path)

    # Get autocomplete suggestions for given prefix using DFS
    prefix = ""th""
    suggestions = trie.suggest_dfs(prefix)
    print(""Autocomplete suggestions for prefix '{}':"".format(prefix))
    for suggestion in suggestions:
        print(suggestion)
```

### Explanation of the Stack-Based DFS

1. **Finding the Prefix Node**: Just like before, the function first finds the node corresponding to the last character of the prefix. If the prefix is not found, it returns an empty list.

2. **Using Stack for DFS**:
   - The `stack` is initialized with a tuple containing the current node and the prefix.
   - The main loop continues as long as there are items in the stack. In each iteration:
     - The top element of the stack is popped, which gives us the current node and the current word formed so far.
     - If the current node signifies the end of a word, that word is added to the suggestions list.
     - The children of the current node are then processed. Each child node is pushe","Ok now i need help implementing a function that utilized the uniform cost search algo on a tree. it takes a prefix as an input, finds all words in the tree that start with the prefix, and then prioritizes suggestions based on the frequency of characters appearing after previous characters. your task is Update build_tree() to store the path cost. The path cost is the inverse frequencies of that letter/char following that prefix of characters.
Using the inverse of these frequencies creates a lower path cost for more frequent character sequences.
Start from the node that corresponds to the last character of the prefix.
Using UCS traverse the sub tree and build a list of suggestions.
Run your code with the genZ.txt file and suggest_ucs() method that you just implemented with the prefix ""th"" and note the the autocompleted suggestions it generates in the Reports Section below. Make sure you note down the suggestions in the same order in which they are originally displayed on your screen.

",ambiguous,dependency,请求实现新功能,ambiguous,切到新子任务信息少,dependency,基本是把新的作业要求整段交给助手实现并运行，缺少自己的尝试或局部问题，偏向把解题工作外包给助手。
4,a6,1,2,"Great, now for another function:
def calculate_probability(sequence, char, tables):
    """"""
    Calculates the probability of observing a given sequence of characters using the frequency tables.

    - **Parameters**:
        - `sequence`: The sequence of characters whose probability we want to compute.
        - `tables`: The list of frequency tables created by `create_frequency_tables()`, this will be of size `n`.
        - `char`: The character whose probability of occurrence after the sequence is to be calculated.

    - **Returns**:
        - Returns a probability value for the sequence.
    """"""
    return 0


Given a sequence $x_1, x_2, \dots, x_t$, the probability of the next character $x_{t+1}$ is calculated as:

$$P(x_{t+1} \mid x_1, x_2, \dots, x_t) = \frac{P(x_1, x_2, \dots, x_t, x_{t+1})}{P(x_1, x_2, \dots, x_t)}$$

This can be generalized for different values of `t`, using the corresponding frequency tables.","To calculate the probability of observing a character given a preceding sequence of characters using frequency tables, we will implement the `calculate_probability` function. This function will compute the probability of a specified character occurring after a given sequence of characters.

Let's break down how to compute this probability based on the formula you provided:

1. **Probability Calculation**:
   - For a given sequence and a character, we will need to use the appropriate frequency table based on the length of the sequence.
   - We'll compute:
     - \( P(x_1, x_2, \ldots, x_t, x_{t+1}) \): The frequency of the sequence plus the next character.
     - \( P(x_1, x_2, \ldots, x_t) \): The frequency of just the sequence.

2. **Handling N-grams**:
   - Depending on the length of the given sequence, we'll access the correct frequency table.

3. **Smoothing**:
   - To make our probabilities more robust, we might want to apply Laplace smoothing. This ensures that we do not get a probability of zero for unseen character combinations.

Here is the implementation of the `calculate_probability` function:

```python
def calculate_probability(sequence, char, tables):
    """"""
    Calculates the probability of observing a given sequence of characters using the frequency tables.

    - **Parameters**:
        - `sequence`: The sequence of characters whose probability we want to compute.
        - `tables`: The list of frequency tables created by `create_frequency_tables()`, this will be of size `n`.
        - `char`: The character whose probability of occurrence after the sequence is to be calculated.

    - **Returns**:
        - Returns a probability value for the sequence.
    """"""
    t = len(sequence)
    
    # If the length of the sequence is greater than n, we cannot compute the probability
    if t > len(tables):
        return 0.0
    
    # Use the appropriate frequency table for the length of the sequence
    freq_table = tables[t - 1]
    
    # Get the context (previous characters)
    context = sequence[-(t - 1):] if t > 1 else """"

    # Count of the sequence ended with the character `char`
    count_with_char = freq_table[context][char] if context in freq_table else 0
    
    # Count of the sequence itself
    count_of_sequence = sum(freq_table[context].values()) if context in freq_table else 0
    
    # Apply Laplace smoothing
    # V is the size of the alphabet (the number of unique characters)
    V = len(freq_table)  # This should capture s","for calculate_probability function, can you Write the formula for sequence likelihood can be viewed in .md file",dependency,dependency,直接让助手写公式,dependency,直接要求写公式,dependency,两位标注者一致，直接采纳。
5,a1,57,67,"cost, (curNode, curPrefix) = heapq.heappop(prioQueue)  # Popping from priority queue this isnt unpacking correctly","If you're encountering issues with the line:

```python
cost, (curNode, curPrefix) = heapq.heappop(prioQueue)
```

resulting in an error like `ValueError: not enough values to unpack (expected 2, got 1)`, this indicates that the structure of the item being returned from the priority queue does not match what you're trying to unpack.

### Breakdown of the Issue

1. **Expected Structure**:
   - The line of code expects that `heapq.heappop(prioQueue)` will return a tuple with two elements:
     - The first element (e.g., `cost`, which is the path cost).
     - The second element (another tuple containing `(curNode, curPrefix)`).

2. **Actual Structure**:
   - If `heapq.heappop(prioQueue)` returns something like `(value)`, meaning a single value (for instance, if you accidentally pushed just a numeric cost or a node), it cannot be unpacked into two variables, leading to the error.

### Debugging Steps

Here are steps that you can follow to identify and resolve the issue:

1. **Check How Items are Pushed to the Queue**:
   - Make sure that every time you push an item to `prioQueue`, it follows the correct structure:
     ```python
     heapq.heappush(prioQueue, (childNode.path_cost, (childNode, curPrefix + char)))
     ```
   - This pushes a tuple where the first element is the `path_cost`, and the second element is another tuple containing `(childNode, curPrefix + char)`.

2. **Initial Push**:
   - When you push the root node right after calculating the prefix:
     ```python
     heapq.heappush(prioQueue, (node.pathCost, prefix))
     ```
   - Ensure that `node.pathCost` is defined and valid. If `node.pathCost` is not structured as expected (it should be a numeric type for path cost), you might inadvertently cause problems.

3. **Debugging Output**:
   - Before popping from the priority queue, add a print statement to see what is actually in the queue:
     ```python
     print(""Priority Queue before pop:"", prioQueue)
     ```
   - This will help you confirm that the items are indeed tuples of the expected structure.

4. **Safe Unpacking**:
   - As a safeguard, you can check if the queue is empty before attempting to pop:
   ```python
   if prioQueue:
       cost, (curNode, curPrefix) = heapq.heappop(prioQueue)
   else:
       # Handle the case where the queue is empty
       break  # or continue, depending on your logic
   ```

### Summary

Make sure your items being pushed onto the priority queue are structured correctly as tuples containing both a path cos"," cost, curPrefix, curNode = heapq.heappop(prioQueue)   this fixed it for me",ambiguous,productive,报告自己修改已生效,productive,说明自己修改已修复,productive,两位标注者一致，直接采纳。
6,a1,8,11,I added a .png with the permalink https://github.com/COMPSCI-383-Fall2024/assignment-2-search-complete-<redacted>/blob/40a031f9c488cba1f3eeff46cb088e936c87b71b/CS383-Assignment2Tree-1.png,"Great! Now that you have the permalink to your PNG image, you can easily include it in your README on GitHub using Markdown.

### Steps to Include Your PNG Image in the README

1. **Convert the Permalink to Raw URL**: The URL you provided points to the file on GitHub's website, but to display the image in Markdown, you'll need the ""raw"" version of the URL. You can do this by modifying the URL.

   Replace:
   ```
   https://github.com/COMPSCI-383-Fall2024/assignment-2-search-complete-<redacted>/blob/40a031f9c488cba1f3eeff46cb088e936c87b71b/CS383-Assignment2Tree-1.png
   ```
   With:
   ```
   https://github.com/COMPSCI-383-Fall2024/assignment-2-search-complete-<redacted>/raw/40a031f9c488cba1f3eeff46cb088e936c87b71b/CS383-Assignment2Tree-1.png
   ```

2. **Add the Image Markdown**: Now, you can insert this into your README file using the following Markdown syntax:

   ```markdown
   ![Assignment Tree](https://github.com/COMPSCI-383-Fall2024/assignment-2-search-complete-<redacted>/raw/40a031f9c488cba1f3eeff46cb088e936c87b71b/CS383-Assignment2Tree-1.png)
   ```

3. **Final Example of the README**: Here’s how you might structure your README to include both the image and the link to the PDF:

```markdown
# Assignment 2 - Search Complete

This repository contains the implementation of search algorithms as part of the course.

## Assignment Details

You can view the assignment details in the PDF below:

[View the assignment PDF](https://github.com/COMPSCI-383-Fall2024/assignment-2-search-complete-<redacted>/blob/c6ba0425461ace63cbf529ac91e1ac48447fca6b/CS383-Assignment2Tree.pdf)

## Assignment Tree Image

![Assignment Tree](https://github.com/COMPSCI-383-Fall2024/assignment-2-search-complete-<redacted>/raw/40a031f9c488cba1f3eeff46cb088e936c87b71b/CS383-Assignment2Tree-1.png)
```

### Summary of Markdown Syntax
- **Links**: Created using `[Link Text](URL)`.
- **Images**: Added using `![Alt Text](Image URL)`.

### Conclusion
Adding the PNG image to your README using the raw URL will display the image directly within the document. You can commit these changes, and the image should render correctly on the GitHub page for your repository. If you follow these steps, everything should work smoothly!",thanks,dependency,dependency,仅致谢无工作证据,dependency,仅客套致谢,dependency,两位标注者一致，直接采纳。
7,a6,1,2,can you make your previous message more readable,"Sure! Here's a clearer and more organized version of the explanation on how to find the probability that the next letter is ""b"" given that the previous letter is ""a"", with the vocabulary \(\{a, b, c\}\):

### Step-by-Step Guide to Calculate the Probability

#### 1. Understand the Notation
- Let \(X_n\) be the next letter.
- Let \(X_{n-1}\) be the previous letter.
- We want to calculate the probability \(P(X_n = b | X_{n-1} = a)\).

#### 2. Collect Your Data
- Gather a dataset or a string composed of letters from the vocabulary \(\{a, b, c\}\). For example: ""aabcabac"".

#### 3. Count Occurrences
- **Count the total number of times ""a"" appears** as the previous letter:
  - Let \(N(a)\) be this count.
- **Count how many times ""b"" follows ""a""** in the data:
  - Let \(N(ab)\) be the count of the sequence ""ab"".

#### 4. Calculate the Probability
- Use the counts you obtained to calculate the conditional probability:
  \[
  P(X_n = b | X_{n-1} = a) = \frac{N(ab)}{N(a)}
  \]

### Example Calculation
Let's use the string ""aabcabac"" as an example:

1. **Count Occurrences**:
   - Total occurrences of ""a"" (\(N(a)\)): 
     - In ""aabcabac"", ""a"" appears 5 times.
   - Occurrences of ""ab"" (\(N(ab)\)): 
     - The sequences ""ab"" can be found twice: in positions 1-2 and 5-6.

2. **Perform the Calculation**:
   \[
   P(X_n = b | X_{n-1} = a) = \frac{N(ab)}{N(a)} = \frac{2}{5} = 0.4
   \]

### Important Considerations
- If \(N(a) = 0\): This means ""a"" has never appeared in your dataset, making the probability undefined.
- **Larger Datasets**: The more data you have, the more reliable your probability estimate will be.
- **Smoothing Techniques**: If you encounter cases where you haven't observed ""a"" or ""ab"", you might want to use techniques like **Laplace smoothing** to handle these situations more effectively.

This structured approach should help you easily find the probability you need!",can you make your previous message more readable please,dependency,dependency,重复上一请求,dependency,基本复读原请求,dependency,两位标注者一致，直接采纳。
8,a7,2,4,can you explain the code in detail,"Certainly! Let's go through the given `generate_text` function in detail, along with relevant parts of the code. The goal of this function is to generate new text based on a starting string, using a trained model.

### The Code:

Here's the `generate_text` function with a breakdown of its key components:

```python
def generate_text(model, start_text, n, k, temperature=1.0):
    start_text = start_text.lower()  # Convert the starting text to lowercase (if necessary)
    generated_text = start_text  # Initialize generated text with the starting text
    current_input = torch.tensor([char_to_idx[char] for char in start_text], dtype=torch.long).unsqueeze(0)  # Convert to tensor and add batch dimension

    # Iterate for k additional characters
    for _ in range(k):
        # Get the model output (logits) for the current input
        with torch.no_grad():  # No need for gradients during inference
            output = model(current_input)  # output shape: [1, vocab_size] for batch size 1

        logits = output[0, -1, :]  # Get the logits for the last character in the sequence

        # Sample from the output using the defined function
        sampled_idx = sample_from_output(logits, temperature)

        # Convert the sampled index back to a character
        sampled_char = idx_to_char[sampled_idx.item()]  # Assuming idx_to_char is a mapping from index to character
        generated_text += sampled_char  # Append the sampled character to the generated text

        # Update the current input by adding the newly sampled character
        current_input = torch.cat((current_input, sampled_idx.unsqueeze(0)), dim=1)  # Update input with the new character

    return generated_text
```

### Detailed Breakdown

1. **Function Parameters**:
    - **model**: The trained character prediction model (typically an RNN or LSTM).
    - **start_text**: The string provided by the user to kickstart the text generation process.
    - **n**: The length of the initial input string. Although in this implementation, it’s not explicitly used beyond defining `start_text`.
    - **k**: The number of additional characters to generate.
    - **temperature**: A parameter that controls randomness in predictions; it's used in sampling.

2. **Initial Setup**:
    ```python
    start_text = start_text.lower()  # Convert to lowercase to maintain consistency
    generated_text = start_text  # Initialize the output text with the starting input
    ```
    - The starting text is converted to l","this is the error I got:
{
	""name"": ""TypeError"",
	""message"": ""CharRNN.forward() missing 1 required positional argument: 'hidden'"",
	""stack"": ""---------------------------------------------------------------------------
TypeError                                 Traceback (most recent call last)
Cell In[30], line 69
     66 temperature_input = input(\""Enter the temperature value (1.0 is default, >1 is more random): \"")
     67 temperature = float(temperature_input) if temperature_input else 1.0
---> 69 completed_text = generate_text(model, start_text, n, k, temperature)
     71 print(f\""Generated text: {completed_text}\"")

Cell In[30], line 38, in generate_text(model, start_text, n, k, temperature)
     35 for _ in range(k):
     36     # Get the model output (logits) for the current input
     37     with torch.no_grad():  # No need for gradients during inference
---> 38         output = model(current_input)  # output shape: [1, vocab_size] for batch size 1
     40     logits = output[0, -1, :]  # Get the logits for the last character in the sequence
     42     # Sample from the output using the defined function

File ~/anaconda3/lib/python3.10/site-packages/torch/nn/modules/module.py:1130, in Module._call_impl(self, *input, **kwargs)
   1126 # If we don't have any hooks, we want to skip the rest of the logic in
   1127 # this function, and just call forward.
   1128 if not (self._backward_hooks or self._forward_hooks or self._forward_pre_hooks or _global_backward_hooks
   1129         or _global_forward_hooks or _global_forward_pre_hooks):
-> 1130     return forward_call(*input, **kwargs)
   1131 # Do not call functions when jit is used
   1132 full_backward_hooks, non_full_backward_hooks = [], []

TypeError: CharRNN.forward() missing 1 required positional argument: 'hidden'""
}",productive,productive,贴出具体报错信息,productive,贴具体报错调试,productive,两位标注者一致，直接采纳。
9,a5,4,9,"Part 3: Logistic Regression
# i. Use sklearn to train a LogisticRegression model on the training set

# ii. For a sample datapoint, predict the probabilities for each possible class

# iii. Report on the score for Logistic regression model, what does the score measure?

# iv. Extract the coefficents and intercepts for the boundary line(s)","For Part 3 of your assignment, which focuses on implementing a Logistic Regression model using scikit-learn, you can use the following Python code. This code trains the model, predicts class probabilities, evaluates the model's score, and extracts the coefficients and intercepts.

### Python Code for Part 3:

```python
# Part 3: Logistic Regression
from sklearn.linear_model import LogisticRegression

# i. Use sklearn to train a LogisticRegression model on the training set
log_reg = LogisticRegression(max_iter=200)  # Create an instance of the Logistic Regression model
log_reg.fit(X_train, y_train)                # Fit the model to the training data

# ii. For a sample datapoint, predict the probabilities for each possible class
sample_datapoint = X_test.iloc[0].values.reshape(1, -1)  # Reshape for single prediction
predicted_probabilities = log_reg.predict_proba(sample_datapoint)  # Get predicted probabilities
print(""Predicted probabilities for sample datapoint:"", predicted_probabilities)

# iii. Report on the score for Logistic regression model, what does the score measure?
score = log_reg.score(X_test, y_test)  # Evaluate the model on the test set
print(""Logistic Regression model score (accuracy):"", score)

# iv. Extract the coefficients and intercepts for the boundary line(s)
coefficients = log_reg.coef_  # Coefficients of the model
intercept = log_reg.intercept_  # Intercept of the model

print(""Coefficients:"", coefficients)
print(""Intercept:"", intercept)
```

### Explanation of the Code:
1. **Importing the Model**:
   - `LogisticRegression` is imported from `sklearn.linear_model`.

2. **Training the Model**:
   - An instance of the Logistic Regression model is created, with `max_iter` set to ensure convergence.
   - The model is trained using the `fit` method on the training features (`X_train`) and labels (`y_train`).

3. **Predicting Probabilities**:
   - A single sample datapoint from the test set is selected and reshaped for prediction.
   - `predict_proba` is called on the model to get the probabilities of each class for the sample datapoint.
   - The predicted probabilities are printed.

4. **Evaluating the Model's Score**:
   - The accuracy score of the model on the test set is calculated using the `score` method. The score represents the proportion of correct predictions (accuracy).
   - The score is printed along with an explanation of what it measures.

5. **Extracting Coefficients and Intercepts**:
   - The model's coefficients (slope of th","Part 4: Support Vector Machine
# i. Use sklearn to train a Support Vector Classifier on the training set

# ii. For a sample datapoint, predict the probabilities for each possible class

# iii. Report on the score for the SVM, what does the score measure?",productive,ambiguous,切到下一部分但无尝试,ambiguous,切到新部分无尝试,ambiguous,两位标注者一致，直接采纳。
10,a3,2,4,how can I create dummies along with a unique Id,"In pandas, you can create dummy variables (also known as one-hot encoding) for categorical variables while preserving a unique identifier for each row. Here's how you can do that step by step:

### 1. Create a Sample DataFrame
First, start with a DataFrame that contains some categorical variables and a unique identifier.

### 2. Use `pd.get_dummies()`
Use the `pd.get_dummies()` function to create dummy variables for the categorical columns.

### 3. Combine the Unique Identifier with Dummies
Finally, combine the original DataFrame with the newly created dummy variables.

Here's an example that demonstrates these steps:

```python
import pandas as pd

# Sample DataFrame with a unique identifier and a categorical variable
data = {
    'ID': [1, 2, 3, 4],
    'Category': ['A', 'B', 'A', 'C'],
    'Value': [10, 20, 30, 40]
}

df = pd.DataFrame(data)

# Display the original DataFrame
print(""Original DataFrame:"")
print(df)

# Create dummy variables for the 'Category' column
dummies = pd.get_dummies(df['Category'], prefix='Category', drop_first=True)

# Combine the original DataFrame with dummies, keeping the 'ID'
df_with_dummies = pd.concat([df[['ID', 'Value']], dummies], axis=1)

# Display the new DataFrame with dummies
print(""\nDataFrame with Dummies:"")
print(df_with_dummies)
```

### Output
You can expect an output similar to this:

```
Original DataFrame:
   ID Category  Value
0   1       A     10
1   2       B     20
2   3       A     30
3   4       C     40

DataFrame with Dummies:
   ID  Value  Category_B  Category_C
0   1     10            0            0
1   2     20            1            0
2   3     30            0            0
3   4     40            0            1
```

### Explanation
1. **Creating a Sample DataFrame**: A DataFrame `df` is created with a unique identifier (`ID`), a categorical variable (`Category`), and a numerical value (`Value`).
 
2. **Creating Dummy Variables**: The `pd.get_dummies()` function is used to convert the values in the `Category` column into dummy variables. The `prefix` parameter is used to provide a new prefix for each column created (e.g., `Category_B`, `Category_C`). The `drop_first=True` parameter is used to avoid the dummy variable trap by omitting the first category.

3. **Combining**: The `pd.concat()` function is used to concatenate the original DataFrame (retaining the `ID` and `Value` columns) with the new dummy variables along the columns (`axis=1`).

### Summary
Now you have a DataFrame that retains a uniq",concat with left merge/join,dependency,productive,具体追问合并方式,productive,提出具体做法假设,productive,两位标注者一致，直接采纳。
11,a4,30,35,personal access token to access the file,"To access files in a private GitHub repository using a personal access token, you can use the token as part of your authentication mechanism in the raw URL for the file. Below are the steps to set up and use a personal access token when trying to load a CSV file from a private GitHub repository with `pandas`.

### Step 1: Generate a Personal Access Token

1. Go to your GitHub account and navigate to **Settings**.
2. In the left sidebar, click on **Developer settings**.
3. Go to **Personal access tokens** and then click on **Tokens (classic)**.
4. Click on **Generate new token**.
5. Provide a note for the token, select the permissions you want for the token (for reading repository data, you usually need the `repo` scope).
6. Click **Generate token** and **copy** the generated token. **Make sure to keep it safe**, as you won't be able to view it again.

### Step 2: Use the Token in Your URL

You can include the token directly in the URL in the following format:

```plaintext
https://<TOKEN>@raw.githubusercontent.com/<USERNAME>/<REPO>/<BRANCH>/<PATH_TO_FILE>
```

### Example Code

Assuming your token is `YOUR_PERSONAL_ACCESS_TOKEN`, your username is `COMPSCI-383-Fall2024`, your repository name is `assignment-4-equation-of-a-slime-<redacted> the branch is `main`, and the file you want to access is `data/science_data_large.csv`, the code would look like this:

```python
import pandas as pd

# Use your actual personal access token and update the URL accordingly
token = 'YOUR_PERSONAL_ACCESS_TOKEN'
url = f'https://{token}@raw.githubusercontent.com/COMPSCI-383-Fall2024/assignment-4-equation-of-a-slime-<redacted>/main/data/science_data_large.csv'

# Load the dataset from the GitHub repository
data = pd.read_csv(url)

# Output the first 15 rows of the data
print(f'First 15 rows: \n{data.head(15)}')
```

### Security Note
- **Do not hard-code your personal access token** directly into your source code if you plan to share your code or expose it publicly as this could compromise the security of your GitHub account. Instead, consider using environment variables to store sensitive information.

**Example of using environment variables**:
```python
import os
import pandas as pd

# Store your token in an environment variable
token = os.getenv('GITHUB_TOKEN')

url = f'https://{token}@raw.githubusercontent.com/COMPSCI-383-Fall2024/assignment-4-equation-of-a-slime-<redacted>/main/data/science_data_large.csv'

data = pd.read_csv(url)
print(f'First 15 rows: \n{data.head(15)}')","ValueError                                Traceback (most recent call last)
Cell In[3], line 3
      1 # Using pandas load the dataset (load remotely, not locally)/workspaces/assignment-4-equation-of-a-slime-<redacted>/science_data_large.csv
      2 token = 'ghp_[REDACTED]'
----> 3 data = pd.read_csv('fhttps://{token}@raw.githubusercontent.com/COMPSCI-383-Fall2024/assignment-4-equation-of-a-slime-<redacted>/main/data/science_data_large.csv')
      4 # Output the first 15 rows of the data
      5 print(f'First 15 rows: \n{data.head(15)}')

File ~/.local/lib/python3.12/site-packages/pandas/io/parsers/readers.py:1026, in read_csv(filepath_or_buffer, sep, delimiter, header, names, index_col, usecols, dtype, engine, converters, true_values, false_values, skipinitialspace, skiprows, skipfooter, nrows, na_values, keep_default_na, na_filter, verbose, skip_blank_lines, parse_dates, infer_datetime_format, keep_date_col, date_parser, date_format, dayfirst, cache_dates, iterator, chunksize, compression, thousands, decimal, lineterminator, quotechar, quoting, doublequote, escapechar, comment, encoding, encoding_errors, dialect, on_bad_lines, delim_whitespace, low_memory, memory_map, float_precision, storage_options, dtype_backend)
   1013 kwds_defaults = _refine_defaults_read(
   1014     dialect,
   1015     delimiter,
   (...)
   1022     dtype_backend=dtype_backend,
   1023 )
   1024 kwds.update(kwds_defaults)
-> 1026 return _read(filepath_or_buffer, kwds)

File ~/.local/lib/python3.12/site-packages/pandas/io/parsers/readers.py:620, in _read(filepath_or_buffer, kwds)
    617 _validate_names(kwds.get(""names"", None))
    619 # Create the parser.
--> 620 parser = TextFileReader(filepath_or_buffer, **kwds)
    622 if chunksize or iterator:
    623     return parser
...
--> 233         raise ValueError(f""Protocol not known: {protocol}"")
    234     bit = known_implementations[protocol]
    235     try:

ValueError: Protocol not known: fhttps
Output is truncated. View as a scrollable element or open in a text editor. Adjust cell output settings...",productive,productive,贴报错与代码调试,productive,贴新报错继续排查,productive,两位标注者一致，直接采纳。
12,a5,1,34,convert tensor to numpy array,"To convert a tensor to a NumPy array, you can use different methods depending on the library you're using for tensors. The most common libraries are TensorFlow and PyTorch. Below are examples of how to perform the conversion using both libraries.

### Converting TensorFlow Tensors to NumPy Arrays

If you're using TensorFlow, you can convert a tensor to a NumPy array using the `.numpy()` method (only if the tensor is not in a computation graph). 

Here’s how to do it:

```python
import tensorflow as tf

# Create a TensorFlow tensor
tensor_tf = tf.constant([[1, 2, 3], [4, 5, 6]])

# Convert TensorFlow tensor to NumPy array
numpy_array_tf = tensor_tf.numpy()

print(numpy_array_tf)
```

### Converting PyTorch Tensors to NumPy Arrays

If you're using PyTorch, you can convert a tensor to a NumPy array using the `.numpy()` method, but the tensor must be on the CPU.

Here’s how to do it:

```python
import torch

# Create a PyTorch tensor
tensor_pt = torch.tensor([[1, 2, 3], [4, 5, 6]])

# Convert PyTorch tensor to NumPy array
numpy_array_pt = tensor_pt.numpy()

print(numpy_array_pt)
```

### Important Notes:

1. **TensorFlow**: Make sure the tensor is not part of a computation graph by using eager execution (which is default in TensorFlow 2.x).

2. **PyTorch**: Ensure that the tensor is on the CPU. If it's on the GPU, you need to move it to the CPU first:
   ```python
   numpy_array_pt = tensor_pt.cpu().numpy()
   ```

By following the appropriate method based on the tensor library you're using, you can easily convert tensors to NumPy arrays! If you have a specific tensor you want to convert, feel free to share, and I can provide a more tailored example.",in pytorch,dependency,productive,具体限定PyTorch场景,productive,具体限定使用场景,productive,两位标注者一致，直接采纳。
13,a6,2,4,"I want to create a python function that calculates the probability of observing a given sequence of characters using the frequency tales.
How can i loop from 1 to the tables, get the ngram of the sequence, and then get the probability from that.

I am given sequence of characters which is the probability i want. A list of tables from the previous function.(of size n)","To calculate the probability of observing a given sequence of characters using the frequency tables of n-grams, you can follow these steps:

1. **Generate n-grams for the input sequence**.
2. **Accumulate probabilities** for each n-gram based on the frequency dictionaries generated from the previous function.
3. **Calculate the joint probability** of the entire sequence using the n-gram probabilities.

Here's how to implement this in Python:

```python
def ngram_probability(sequence, freq_tables):
    # Initialize probability
    total_probability = 1.0
    
    # Iterate through the length of the sequence
    for n in range(1, len(freq_tables) + 1):
        # Loop through the sequence to create n-grams
        for i in range(len(sequence) - n + 1):
            ngram = sequence[i:i+n]

            # Get frequency dictionary for the current n-gram size
            freq_dict = freq_tables[n - 1]  # n-1 because lists are 0 indexed

            # Get the count of the n-gram in the corresponding frequency table
            count = freq_dict.get(ngram, 0)

            # Get the total counts for the given n-grams to calculate probability
            total_ngrams = sum(freq_dict.values())

            # If the n-gram count is 0, it contributes 0 probability,
            # and consequently, the entire product will be 0.
            if total_ngrams > 0:
                probability = count / total_ngrams
                total_probability *= probability
            else:
                return 0.0  # If no n-grams exist, probability is 0

    return total_probability


# Example usage
text_input = ""hello world""
max_n = 3
freq_tables = ngram_frequency(text_input, max_n)

# Calculate the probability of the sequence ""hello""
sequence = ""hello""
prob = ngram_probability(sequence, freq_tables)
print(f""Probability of observing '{sequence}': {prob}"")
```

### Explanation:
1. **Function Definition**: We define the function `ngram_probability(sequence, freq_tables)` which calculates the probability of observing `sequence`.
2. **Initialize Probability**: `total_probability` is initialized to `1.0` as a starting point since we will multiply probabilities.
3. **Loop Over n-grams**: For each `n` from `1` to the number of frequency tables, we generate n-grams from the input `sequence`. 
4. **Calculate Counts**:
   - For each n-gram, retrieve the frequency count from the corresponding frequency dictionary.
   - Calculate the total number of n-grams in that frequency table.
   - Calcul","Why is this code: from collections import defaultdict
def create_frequency_tables(document, n):
    """"""
    This function constructs a list of `n` frequency tables for an n-gram model, each table capturing character frequencies with increasing conditional dependencies.

    - **Parameters**:
        - `document`: The text document used to train the model.
        - `n`: The number of value of `n` for the n-gram model.

    - **Returns**:
        - Returns a list of n frequency tables.
    """"""
    #Initialize list of frequency tables
    res = []
    for i in range(1, n+1):
        #Initialize current frequency table
        currentFreq = defaultdict(int)
        for j in range(len(document)-i+1):
            #For each ngram, increase the frequency in the current frequency table by 1 or set to 1
            ngram = document[j:j+i]
            currentFreq[ngram] += 1
        #Add the current frequency table to the frequency tables list
        res.append(currentFreq)
    return res




def calculate_probability(sequence, char, tables):
    """"""
    Calculates the probability of observing a given sequence of characters using the frequency tables.

    - **Parameters**:
        - `sequence`: The sequence of characters whose probability we want to compute.
        - `tables`: The list of frequency tables created by `create_frequency_tables()`, this will be of size `n`.

    - **Returns**:
        - Returns a probability value for the sequence.
    """"""
    if len(sequence)==0:
        return 0
    for n in range(1, len(tables)+1):
        ngram = sequence[-(n-1):]+char 
        if ngram in tables[n-1]:
            probability = tables[n-1][ngram]/sum(tables[n-1].values())
            return probability
    return 0


def predict_next_char(sequence, tables, vocabulary):
    """"""
    Predicts the most likely next character based on the given sequence.

    - **Parameters**:
        - `sequence`: The sequence used as input to predict the next character.
        - `tables`: The list of frequency tables.
        - `vocabulary`: The set of possible characters.
    
    - **Functionality**:
        - Calculates the probability of each possible next character in the vocabulary, using `calculate_probability()`.

    - **Returns**:
        - Returns the character with the maximum probability as the predicted next character.
    """"""
    probabilitiesToChar = {}
    for char in vocabulary:
        probabilitiesToChar[char] = calculate_probability(sequence, char, tables)
    r",productive,productive,针对代码提出定位问题,productive,贴代码追问原因,productive,两位标注者一致，直接采纳。
14,a5,16,61,"if I have a tensor, x = torch.randn(2, 3, 4), how to swap dimensions in order 2, 0, 1 using the permute method","To swap the dimensions of a tensor `x` with shape `(2, 3, 4)` using the `torch.permute()` method in order `(2, 0, 1)`, you can follow these steps:

1. **Understand the Current Shape**: The original tensor `x` has the shape `(2, 3, 4)`:
   - Dimension 0: size 2
   - Dimension 1: size 3
   - Dimension 2: size 4

2. **Desired Order**: You want to reorder the dimensions to `(2, 0, 1)`. This means:
   - The new dimension 0 will be the old dimension 2 (size 4).
   - The new dimension 1 will be the old dimension 0 (size 2).
   - The new dimension 2 will be the old dimension 1 (size 3).

### Example Code

Here's how to do it in code:

```python
import torch

# Create a sample tensor with shape (2, 3, 4)
x = torch.randn(2, 3, 4)

# Print the original tensor shape
print(""Original Tensor Shape:"", x.shape)

# Permute the tensor dimensions to (2, 0, 1)
permuted_x = x.permute(2, 0, 1)

# Print the new tensor shape
print(""Permuted Tensor Shape:"", permuted_x.shape)
```

### Explanation

- **Creating the Tensor**: `x = torch.randn(2, 3, 4)` creates a tensor of random numbers with the specified shape.
- **Permuting Dimensions**: The `permute(2, 0, 1)` call rearranges the dimensions as requested.
- **Print Shapes**: The shapes of both the original and permuted tensors are printed to show the effect of the permutation.

### Output

When you run the above code, you can expect an output similar to the following:

```
Original Tensor Shape: torch.Size([2, 3, 4])
Permuted Tensor Shape: torch.Size([4, 2, 3])
```

### Summary

By using `torch.permute(2, 0, 1)`, you successfully swap the dimensions of the tensor `x` from `(2, 3, 4)` to `(4, 2, 3)`, as specified. This example demonstrates the flexibility of the `permute` method in rearranging tensor dimensions in PyTorch.","Can you explain this error in python: RuntimeError: Boolean value of Tensor with more than one value is ambiguous
",productive,productive,追问具体运行错误,productive,提出具体报错问题,productive,两位标注者一致，直接采纳。
15,a7,7,10,"for epoch in range(num_epochs):
    total_loss, correct_predictions, total_predictions = 0, 0, 0

    hidden = model.init_hidden(batch_size)

    for batch_idx, (batch_inputs, batch_targets) in tqdm(enumerate(train_loader), total=total_batches, desc=f""Epoch {epoch+1}/{num_epochs}""):
        batch_inputs, batch_targets = batch_inputs.to(device), batch_targets.to(device)

        output, hidden = model(batch_inputs, hidden)

        hidden = hidden.detach()

        loss = criterion(output.view(-1, output_size), batch_targets.view(-1))  # Flatten the outputs and targets for CrossEntropyLoss
        optimizer.zero_grad()

        loss.backward()

        optimizer.step()

        with torch.no_grad():
            # Calculate accuracy
            _, predicted_indices = torch.max(output, dim=2)  # Predicted characters

            correct_predictions += (predicted_indices == batch_targets).sum().item()
            total_predictions += batch_targets.size(0) * batch_targets.size(1)  # Total items in this batch

        total_loss += loss.item()

    avg_loss = total_loss / len(train_loader)
    accuracy = correct_predictions / total_predictions * 100  # Convert to percentage
    print(f""Epoch [{epoch+1}/{num_epochs}], Loss: {avg_loss:.4f}, Accuracy: {accuracy:.2f}%"")

with torch.no_grad():
    #TODO: Write the testing loop for your trained model by refering to the training loop code given to you above


    print(f""Test Loss: {avg_loss:.4f}, Test Accuracy: {accuracy:.2f}%"")","To write the testing loop for your trained RNN model, you can refer closely to the structure used in the training loop. The main difference is that during testing, you won't update the model's weights or perform backpropagation. Instead, you'll compute the loss and accuracy based on the test dataset.

Here's how to implement the testing loop after the training loop:

```python
# Testing loop
with torch.no_grad():
    total_test_loss, correct_predictions, total_predictions = 0, 0, 0
    hidden = model.init_hidden(batch_size)  # Initialize hidden state

    for batch_idx, (batch_inputs, batch_targets) in tqdm(enumerate(test_loader), total=len(test_loader), desc=""Testing""):
        batch_inputs, batch_targets = batch_inputs.to(device), batch_targets.to(device)

        output, hidden = model(batch_inputs, hidden)

        loss = criterion(output.view(-1, output_size), batch_targets.view(-1))  # Flatten the outputs and targets

        # Calculate accuracy
        _, predicted_indices = torch.max(output, dim=2)  # Predicted characters

        correct_predictions += (predicted_indices == batch_targets).sum().item()
        total_predictions += batch_targets.size(0) * batch_targets.size(1)  # Total items in this batch

        total_test_loss += loss.item()

    avg_test_loss = total_test_loss / len(test_loader)
    test_accuracy = correct_predictions / total_predictions * 100  # Convert to percentage

    print(f""Test Loss: {avg_test_loss:.4f}, Test Accuracy: {test_accuracy:.2f}%"")
```

### Explanation of the Testing Loop:
1. **No Gradient Tracking**: The `with torch.no_grad():` context is used to disable gradient computation, which is unnecessary during testing and saves memory and computation.

2. **Initialize Variables**: 
   - `total_test_loss`, `correct_predictions`, and `total_predictions` are initialized to accumulate the loss and accuracy over the entire test set.

3. **Load Data**: A loop iterates through the `test_loader`, fetching batches of input and target data for predictions.

4. **Make Predictions**: 
   - It computes the model's output using the inputs and updates the hidden state.

5. **Calculate Loss**: The loss between the model's outputs and the true targets is calculated using the cross-entropy loss function.

6. **Calculate Accuracy**: 
   - The predicted character indices are obtained using `torch.max()`, and the accuracy is computed based on the correct predictions against the total predictions.

7. **Average Loss and Accuracy**: After","C:\Users\<redacted>\AppData\Local\Temp\ipykernel_23036\1273917643.py:22: UserWarning: To copy construct from a tensor, it is recommended to use sourceTensor.clone().detach() or sourceTensor.clone().detach().requires_grad_(True), rather than torch.tensor(sourceTensor).
  target = torch.tensor(self.targets[idx], dtype=torch.long)",ambiguous,productive,贴运行警告排查,productive,贴运行警告继续调试,productive,两位标注者一致，直接采纳。
16,a3,1,44,how to print the number of duplicated row,"You can use the `duplicated()` method in pandas to find duplicated rows, and then you can use the `sum()` function to count the number of duplicates. Here's how you can do it:

### Counting Duplicated Rows

You can count the number of duplicated rows using the following code:

```python
import pandas as pd

# Sample DataFrame
data = {
    'A': [1, 2, 2, 3],
    'B': [4, 5, 5, 6],
    'C': [7, 8, 8, 9]
}

df = pd.DataFrame(data)

# Print the original DataFrame
print(""Original DataFrame:"")
print(df)

# Count the number of duplicated rows
num_duplicates = df.duplicated().sum()

print(f""\nNumber of duplicated rows: {num_duplicates}"")
```

### Explanation:

- `df.duplicated()`: This returns a boolean Series where each value indicates whether that row is a duplicate (True) or not (False).
- `sum()`: When you call `sum()` on a boolean Series, it counts the `True` values, which represent the duplicated rows.

### Example Output:

If you run the code above, it should output something like:

```
Original DataFrame:
   A  B  C
0  1  4  7
1  2  5  8
2  2  5  8
3  3  6  9

Number of duplicated rows: 1
```

### Note

- If you want to count duplicates considering only specific columns, you can pass the `subset` parameter to the `duplicated()` method, like this:

```python
num_duplicates_subset = df.duplicated(subset=['A', 'B']).sum()
print(f""Number of duplicated rows based on columns 'A' and 'B': {num_duplicates_subset}"")
```

This will give you the count of duplicates based only on the specified columns.",good,dependency,dependency,仅简单回应good,dependency,仅说good无证据,dependency,两位标注者一致，直接采纳。
17,a4,0,9,writing a summary in python for a data table using pandas,"Certainly! If you have a data table (DataFrame) in Python using the `pandas` library and you want to write a summary of that data, you can follow the example below.

Here, I'll guide you through summarizing a DataFrame, including statistical summaries and basic information about the data.

### Example of Summarizing a DataFrame

1. **Install pandas**: If you haven't installed pandas yet, you can do so using pip:

   ```bash
   pip install pandas
   ```

2. **Load your data**: First, you need a DataFrame. For this example, let’s create a sample DataFrame.

3. **Generate Summary Statistics**: Use methods like `.describe()`, `.info()`, and others to summarize.

Here is a complete code example:

```python
import pandas as pd

# Sample data
data = {
    'Name': ['Alice', 'Bob', 'Charlie', 'David', 'Edward'],
    'Age': [24, 30, 22, 40, 35],
    'Salary': [50000, 70000, 60000, 120000, 90000],
    'Department': ['HR', 'Finance', 'IT', 'Marketing', 'IT']
}

# Create DataFrame
df = pd.DataFrame(data)

# Display the first few rows of the DataFrame
print(""First few rows:"")
print(df.head())

# Get basic information about the DataFrame
print(""\nDataFrame Info:"")
print(df.info())

# Get summary statistics for numerical columns
print(""\nSummary Statistics:"")
print(df.describe())

# Group by department and get average salary and age
grouped = df.groupby('Department').agg({
    'Salary': 'mean',
    'Age': 'mean'
}).reset_index()

print(""\nAverage Salary and Age by Department:"")
print(grouped)

# Other summaries can be done depending on what you need
# For example, getting the count of each department
department_count = df['Department'].value_counts()
print(""\nCount of each Department:"")
print(department_count)
```

### Explanation of the Code:
1. **Data Creation**: A sample dictionary `data` simulates a small dataset.
2. **DataFrame Creation**: A pandas DataFrame is created from the dictionary.
3. **View Data**: Use `head()` to view the first few records of the DataFrame.
4. **Info**: `info()` provides a summary of the DataFrame, including the data types and number of non-null values.
5. **Summary Statistics**: `describe()` gives statistics such as mean, median, and standard deviation for numeric columns.
6. **Grouping and Aggregation**: By using `groupby()`, you can get average statistics by a certain category (in this case, 'Department').
7. **Value Counts**: Shows the count of occurrences for each value in a specified column.

### Summary
This script provides an overvi","# Using pandas load the dataset
import pandas as pd
ckd = pd.read_csv(""ckd_feature_subset.csv"")
# Output the first 15 rows of the data
print(ckd.head(15))
# Display a summary of the table information (number of datapoints, etc.)",productive,productive,贴出自己的代码尝试,productive,贴代码继续完成任务,productive,两位标注者一致，直接采纳。
18,a3,13,18,"btw, these removing duplicates ensures that 1 copy stays right, it doesnt get rid of all of them","Yes, that's correct! When you remove duplicates from a DataFrame using the `drop_duplicates()` method in Pandas, it keeps one copy of each unique row and removes any additional duplicate occurrences. 

### Here’s How It Works:

- **Retains the First Occurrence**: By default, `drop_duplicates()` identifies duplicate rows and keeps the first occurrence of each unique row while removing the subsequent duplicates.
- **Configuration Options**:
  - You can specify `keep='first'` (default) to keep the first occurrence.
  - You can specify `keep='last'` to keep the last occurrence instead.
  - If you use `keep=False`, it will remove all duplicates, meaning if any row is duplicated, it will be removed entirely from the Dataset.

### Example Demonstration

Let's look at a small example to illustrate this behavior:

```python
import pandas as pd

# Create a sample dataset with duplicate rows
data = {
    'Unique_ID': [1, 2, 2, 3, 4, 4, 4],
    'Value': [10, 20, 20, 30, 40, 40, 40]
}
df = pd.DataFrame(data)

print(""Original DataFrame:"")
print(df)

# Remove duplicates and keep the first occurrence
cleaned_df_first = df.drop_duplicates()
print(""\nDataFrame after removing duplicates (keeping the first occurrence):"")
print(cleaned_df_first)

# Remove duplicates but keep the last occurrence
cleaned_df_last = df.drop_duplicates(keep='last')
print(""\nDataFrame after removing duplicates (keeping the last occurrence):"")
print(cleaned_df_last)

# Remove duplicates completely (removing all instances of duplicates)
cleaned_df_all = df.drop_duplicates(keep=False)
print(""\nDataFrame after removing all instances of duplicates:"")
print(cleaned_df_all)
```

### Output Explanation
- **Original DataFrame**:

| Unique_ID | Value |
|-----------|-------|
| 1         | 10    |
| 2         | 20    |
| 2         | 20    |
| 3         | 30    |
| 4         | 40    |
| 4         | 40    |
| 4         | 40    |

- **After `drop_duplicates()`** (keeping the first occurrence):

| Unique_ID | Value |
|-----------|-------|
| 1         | 10    |
| 2         | 20    |
| 3         | 30    |
| 4         | 40    |

  Here, you can see that the first occurrence of each duplicate row is kept, and subsequent duplicates are removed.

- **After `drop_duplicates(keep='last')`** (keeping the last occurrence):

| Unique_ID | Value |
|-----------|-------|
| 1         | 10    |
| 2         | 20    |
| 3         | 30    |
| 4         | 40    |

  Here, if there were multiple duplicates, the last instance of `2` and",back to 3.2,dependency,dependency,仅说回到某部分,ambiguous,只说回到某部分,ambiguous,仅有“back to 3.2”，信息不足，无法判断是在推进任务还是停滞。
19,a4,4,12,"Im a bit confused what this is asking me to do 
# Load the dataset. Then train and evaluate the classification models.","When the instructions state ""Load the dataset. Then train and evaluate the classification models,"" it refers to a series of steps you should follow to complete a machine learning task focused on classification. Here’s a breakdown of what you need to do:

### Steps to Follow

1. **Load the Dataset**: 
   - This typically involves importing a dataset from a file (e.g., CSV, Excel) or a built-in dataset from a library. You can use libraries like `pandas` to handle the data.

    ```python
    import pandas as pd

    # Load dataset (replace 'your_dataset.csv' with the actual filename)
    df = pd.read_csv('your_dataset.csv')
    ```

2. **Explore and Prepare the Data**: 
   - Examine the dataset to understand its structure, the features it contains, the labels (targets) for classification, and any preprocessing that may be needed (like handling missing values, encoding categorical variables, scaling features, etc.).

    ```python
    print(df.head())           # Display the first few rows
    print(df.info())           # Get information about the dataset (types, missing values)
    print(df.describe())       # Get statistical details of numeric columns
    ```

3. **Define Features and Target**: 
   - Identify which columns in the dataset are your features (input variables) and which column is your target variable (the class label you want to predict).

    ```python
    X = df.drop('target_column', axis=1)  # Replace 'target_column' with the actual target variable name
    y = df['target_column']
    ```

4. **Split the Data**: 
   - Split the data into training and testing sets. This is crucial to assess the performance of your model on unseen data.

    ```python
    from sklearn.model_selection import train_test_split

    X_train, X_test, y_train, y_test = train_test_split(X, y, test_size=0.2, random_state=42)
    ```

5. **Train Classification Models**: 
   - Select one or more classification algorithms (like Logistic Regression, Decision Trees, Random Forest, Support Vector Machines, etc.) and train the models using the training data.

    ```python
    from sklearn.ensemble import RandomForestClassifier

    model = RandomForestClassifier()
    model.fit(X_train, y_train)  # Train the model
    ```

6. **Make Predictions**: 
   - Use the trained model to make predictions on the test set.

    ```python
    y_pred = model.predict(X_test)
    ```

7. **Evaluate the Models**: 
   - Assess the performance of the classification models using metrics like a",can you do it for part 2,dependency,dependency,直接让助手完成第二部分,dependency,直接让模型做part2,dependency,两位标注者一致，直接采纳。
20,a2,0,9,Help me traverse through a bfs algorithm ,"Sure! I can help you understand and implement a Breadth-First Search (BFS) algorithm. BFS is commonly used for traversing or searching tree or graph data structures. It explores all neighbors at the present depth prior to moving on to nodes at the next depth level.

Here’s how the BFS algorithm works step-by-step:

### BFS Algorithm Steps:

1. **Initialization**: 
   - Create a queue to keep track of nodes to explore.
   - Create a set (or similar structure) to keep track of visited nodes, to avoid visiting the same node multiple times.

2. **Start**: 
   - Enqueue the starting node and mark it as visited.

3. **Explore**: 
   - While the queue is not empty:
     - Dequeue a node from the queue.
     - Process the node (this can be printing the node, counting it, etc.).
     - For each unvisited neighboring node of the dequeued node:
       - Mark it as visited.
       - Enqueue it to the queue.

### BFS Example in Python

Here’s a simple implementation of BFS for a graph represented as an adjacency list:

```python
from collections import deque

def bfs(graph, start):
    visited = set()      # To keep track of visited nodes
    queue = deque([start])  # Initialize the queue with the starting node

    while queue:
        # Dequeue a node from the queue
        node = queue.popleft()
        
        # If the node has not been visited
        if node not in visited:
            print(node)  # Process the node (for example, print it)
            visited.add(node)  # Mark it as visited

            # Enqueue all unvisited neighbors
            for neighbor in graph[node]:
                if neighbor not in visited:
                    queue.append(neighbor)

# Example usage
if __name__ == ""__main__"":
    # Sample graph represented as an adjacency list
    graph = {
        'A': ['B', 'C'],
        'B': ['A', 'D', 'E'],
        'C': ['A', 'F'],
        'D': ['B'],
        'E': ['B', 'F'],
        'F': ['C', 'E']
    }

    bfs(graph, 'A')
```

### Explanation of the Code:

- We define a function `bfs` that takes a `graph` and a `start` node.
- We initialize a `visited` set to keep track of which nodes have already been processed.
- We use a queue from the `collections` module to maintain the order of exploration.
- The while loop continues as long as there are nodes in the queue.
- We dequeue a node, process it (by printing), and then enqueue all of its unvisited neighbors.

### Output of the Example

The output of the provided example when starting from no",use tries and bfs,dependency,productive,具体澄清要用tries和bfs,dependency,给出笼统指令让做,productive,明确补充约束“use tries and bfs”，是在收窄问题和纠正方案，属于有效推进。
21,a5,0,4,"# Import the PyTorch library
import torch

# ### Creating Tensors
data = [[1, 2], [3, 4]]
# TODO: Create a tensor from a list and output the tensor
x_data = None
print(f""Tensor from list:\n {x_data} \n"")","To create a tensor from a list using PyTorch, you can use the `torch.tensor` function. Below is the corrected code that creates a tensor from the provided list `data` and prints it:

```python
# Import the PyTorch library
import torch

# ### Creating Tensors
data = [[1, 2], [3, 4]]
# Create a tensor from a list and output the tensor
x_data = torch.tensor(data)
print(f""Tensor from list:\n{x_data} \n"")
```

When you run this code, it will output the tensor created from the list.",what does a tensor do like what is this code doing,productive,productive,追问代码作用与概念,productive,具体追问代码含义,productive,两位标注者一致，直接采纳。
22,a2,20,38,it says import graphviz cannot be resolved,"If you're seeing the message ""import graphviz cannot be resolved,"" it likely means that the `graphviz` package is not properly installed in your Python environment. Below are the steps to troubleshoot and resolve this issue.

### Step-by-Step Guide to Install Graphviz

1. **Ensure You Have Graphviz Installed**:
   - Make sure both the Python package `graphviz` and the Graphviz software are installed on your system.

#### Installing the Graphviz Python Package

You can install the Graphviz Python package using pip. Open your terminal or command prompt and run:

```bash
pip install graphviz
```

If you're using a virtual environment, ensure that the terminal is activated first.

#### Installing Graphviz Software

In addition to the Python package, you need the Graphviz software for rendering the diagrams.

- **For Windows**:
  - Download the Graphviz installer from the [Graphviz Download Page](https://graphviz.gitlab.io/download/).
  - Run the installer and follow the prompts to install.
  - You may need to add Graphviz to your system's PATH:
    - Search for ""Environment Variables"" in the start menu.
    - Under ""System Properties,"" click ""Environment Variables.""
    - Find the ""Path"" variable in the ""System Variables"" section and click ""Edit.""
    - Add the path to the Graphviz `bin` directory (usually something like `C:\Program Files\Graphviz\bin`).
  
- **For macOS**:
  - You can use Homebrew to install it:
    ```bash
    brew install graphviz
    ```

- **For Linux**:
  - On Debian-based distributions (like Ubuntu), you can do:
    ```bash
    sudo apt-get install graphviz
    ```

### Check Installation

After installation, you can confirm if Graphviz is set up correctly by running:

```bash
dot -V
```

This should print the version of Graphviz to the terminal if it is installed correctly.

### Run Your Python Script Again

Once you’ve confirmed that both the `graphviz` package is installed and the Graphviz software is available:

1. Restart your development environment or terminal to ensure changes are picked up.
2. Run the Python script again that includes the visualization code using:

```bash
python main.py
```

### Additional Option: Using IPython or Jupyter

If you are running your code in a Jupyter Notebook or IPython environment, ensure that you have the Graphviz package installed in the same environment where the Jupyter kernel is running. You can install it within a Jupyter cell:

```python
!pip install graphviz
```

### Conclusion

Followin","t
Exception in Tkinter callback     
Traceback (most recent call last):
  File ""C:\Program Files\WindowsApps\PythonSoftwareFoundation.Python.3.11_3.11.2544.0_x64__qbz5n2kfra8p0\Lib\tkinter\__init__.py"", line 1967, in __call__
    return self.func(*args)
           ^^^^^^^^^^^^^^^^
  File ""c:\Users\<redacted>\Downloads\assignment-2-search-complete-<redacted>\assignment-2-search-complete-<redacted>\utilities.py"", line 28, in <lambda>      
    entry.bind(""<KeyRelease>"", lambda event: suggest_in_gui(event, entry, listbox, autocomplete_engine))
                                             ^^^^^^^^^^^^^^^^^^^^^^^^^^^^^^^^^^^^^^^^^^^^^^^^^^^^^^^^^^
  File ""c:\Users\<redacted>\Downloads\assignment-2-search-complete-<redacted>\assignment-2-search-complete-<redacted>\utilities.py"", line 16, in suggest_in_gui
    suggestions = autocomplete_engine.suggest(prefix)
                 ^^^^^^^^^^^^^^^^^^^^^^^^^^^^^^^^^^^
  File ""c:\Users\<redacted>\Downloads\assignment-2-search-complete-<redacted>\assignment-2-search-complete-<redacted>\autocomplete.py"", line 105, in suggest_ucs
    heapq.heappush(pq, (cost + 1, child_node, current_prefix + char))
TypeError: '<' not supported between instances of 'Node' and 'Node'",productive,productive,贴异常堆栈继续调试,productive,贴完整异常信息,productive,两位标注者一致，直接采纳。
23,a3,4,5,"Can you write me some python code to use pandas to convert my dataframe column labels to something more readable? Here's the mapping, where the abbreviation on the left is the current column name and the desired column name is on the right:

            age		-	age	

			bp		-	blood pressure

			sg		-	specific gravity

			al		-   	albumin

			su		-	sugar

			rbc		-	red blood cells

			pc		-	pus cell

			pcc		-	pus cell clumps

			ba		-	bacteria

			bgr		-	blood glucose random

			bu		-	blood urea

			sc		-	serum creatinine

			sod		-	sodium

			pot		-	potassium

			hemo		-	hemoglobin

			pcv		-	packed cell volume

			wc		-	white blood cell count

			rc		-	red blood cell count

			htn		-	hypertension

			dm		-	diabetes mellitus

			cad		-	coronary artery disease

			appet		-	appetite

			pe		-	pedal edema

			ane		-	anemia

			class		-	class	","Certainly! You can use the `pandas` library in Python to rename the columns of your DataFrame based on the mapping you've provided. Here's an example of how you can do this:

```python
import pandas as pd

# Sample DataFrame creation (replace this with your actual DataFrame)
data = {
    'age': [30, 40, 25],
    'bp': [120, 130, 110],
    'sg': [1.020, 1.025, 1.018],
    'al': [1, 0, 1],
    'su': [0, 1, 0],
    'rbc': [5.1, 5.5, 4.8],
    'pc': [0, 1, 0],
    'pcc': [0, 1, 0],
    'ba': [0, 0, 1],
    'bgr': [90, 110, 85],
    'bu': [15, 20, 10],
    'sc': [0.9, 1.0, 0.8],
    'sod': [140, 135, 138],
    'pot': [4.5, 4.3, 4.0],
    'hemo': [13.5, 14.0, 12.8],
    'pcv': [40, 42, 39],
    'wc': [6000, 7000, 8000],
    'rc': [5.0, 5.5, 4.8],
    'htn': [0, 1, 0],
    'dm': [1, 0, 0],
    'cad': [0, 1, 0],
    'appet': [1, 0, 1],
    'pe': [0, 1, 0],
    'ane': [0, 1, 0],
    'class': [1, 0, 1]
}

df = pd.DataFrame(data)

# Mapping from old column names to new column names
column_mapping = {
    'age': 'age',
    'bp': 'blood pressure',
    'sg': 'specific gravity',
    'al': 'albumin',
    'su': 'sugar',
    'rbc': 'red blood cells',
    'pc': 'pus cell',
    'pcc': 'pus cell clumps',
    'ba': 'bacteria',
    'bgr': 'blood glucose random',
    'bu': 'blood urea',
    'sc': 'serum creatinine',
    'sod': 'sodium',
    'pot': 'potassium',
    'hemo': 'hemoglobin',
    'pcv': 'packed cell volume',
    'wc': 'white blood cell count',
    'rc': 'red blood cell count',
    'htn': 'hypertension',
    'dm': 'diabetes mellitus',
    'cad': 'coronary artery disease',
    'appet': 'appetite',
    'pe': 'pedal edema',
    'ane': 'anemia',
    'class': 'class'
}

# Rename the columns using the mapping
df.rename(columns=column_mapping, inplace=True)

# Display the updated DataFrame
print(df)
```

This code defines a mapping of the original column names to the new, more readable names, and then uses the `rename` method on the DataFrame to apply those changes. Replace the sample data in `data` with your actual DataFrame to use this in your context.","Can you help me convert a SQL query to a pandas query? Here's the SQL query:

SELECT Target, COUNT(*) AS count
FROM your_table_name
GROUP BY Target;",ambiguous,ambiguous,换到新任务无尝试证据,ambiguous,切到新任务无说明,ambiguous,两位标注者一致，直接采纳。
24,a7,7,16,"so I rewrote the code like this: Can you tell me how I can get a replacement for batch_size  This is Cell #15
total_test_loss, correct_test_predictions, total_test_predictions = 0, 0, 0


hidden = model.init_hidden(batch_size)

with torch.no_grad():
    #TODO: Write the testing loop for your trained model by refering to the training loop code given to you above
    for inputs, targets in test_loader:
        inputs,targets = inputs.to(device),targets.to(device)

        output, hidden = model(inputs, hidden)

        hidden = hidden.detach()

        loss = criterion(output.view(-1, output_size), targets)  # Reshape outputs for criterion

        total_test_loss += loss.item()

        _, predicted = torch.max(output, dim=2) 
        predicted = predicted.view(-1)  

        correct_test_predictions += (predicted == targets).sum().item()
        total_test_predictions += targets.size(0)  


    avg_loss = total_loss / len(test_loader)  # Average loss over the entire test set
    accuracy = (correct_test_predictions / total_test_predictions) * 100  # Accuracy in percentage
    print(f""Test Loss: {avg_loss:.4f}, Test Accuracy: {accuracy:.2f}%"")","To replace `batch_size` with an appropriate alternative in your testing loop, you should first ensure that you maintain the same logic for handling hidden state across batches, much like you did during training.

Here’s an updated version of your testing loop that will correctly handle the hidden state without directly relying on a fixed `batch_size`. The solution involves initializing the hidden state based on the actual size of each batch at each iteration. Torch tensors can have a dynamic size depending on the batch size and the dataset you have.

### Updated Testing Loop

```python
total_test_loss, correct_test_predictions, total_test_predictions = 0, 0, 0

# Set the model to evaluation mode
model.eval()

with torch.no_grad():
    # Loop over each batch in the test loader
    for inputs, targets in test_loader:
        inputs, targets = inputs.to(device), targets.to(device)

        # Initialize hidden state based on the current batch size
        hidden = model.init_hidden(inputs.size(0))  # Use current batch size

        # Forward pass
        output, hidden = model(inputs, hidden)

        hidden = hidden.detach()  # Detach the hidden state

        # Calculate loss
        loss = criterion(output.view(-1, output_size), targets.view(-1))  # Reshape for the criterion
        total_test_loss += loss.item()

        # Get predicted indices
        _, predicted = torch.max(output, dim=2) 
        predicted = predicted.view(-1)  # Flatten predictions

        correct_test_predictions += (predicted == targets.view(-1)).sum().item()  # Compare with targets
        total_test_predictions += targets.numel()  # Total predictions made

# Calculate average loss and accuracy
avg_loss = total_test_loss / len(test_loader)  # Average loss over the entire test set
accuracy = (correct_test_predictions / total_test_predictions) * 100  # Accuracy in percentage
print(f""Test Loss: {avg_loss:.4f}, Test Accuracy: {accuracy:.2f}%"")
```

### Key Changes Explained:

1. **Dynamic Hidden State Initialization**:
   - Instead of using a fixed `batch_size`, we now initialize the hidden state with the size of the current batch using `inputs.size(0)`. This way, you accommodate any batch size resulting from the last batch in the test dataset, which may be smaller if the dataset size isn't a perfect multiple of the batch size.

2. **Detaching Hidden State**:
   - We continue using `hidden.detach()` to ensure that we don’t backpropagate through the hidden states from the previous batc","for this code, I am getting this error  This is Cell #15
total_test_loss, correct_test_predictions, total_test_predictions = 0, 0, 0

with torch.no_grad():
    #TODO: Write the testing loop for your trained model by refering to the training loop code given to you above
    for inputs, targets in test_loader:
        inputs,targets = inputs.to(device),targets.to(device)

        hidden = model.init_hidden(inputs.size(0))

        output, hidden = model(inputs, hidden)

        hidden = hidden.detach()

        loss = criterion(output.view(-1, output_size), targets)  # Reshape outputs for criterion

        total_test_loss += loss.item()

        _, predicted = torch.max(output, dim=2) 
        predicted = predicted.view(-1)  

        correct_test_predictions += (predicted == targets).sum().item()
        total_test_predictions += targets.size(0)  


    avg_loss = total_loss / len(test_loader)  # Average loss over the entire test set
    accuracy = (correct_test_predictions / total_test_predictions) * 100  # Accuracy in percentage
    print(f""Test Loss: {avg_loss:.4f}, Test Accuracy: {accuracy:.2f}%"") ---------------------------------------------------------------------------
ValueError                                Traceback (most recent call last)
Cell In[15], line 15
     11 output, hidden = model(inputs, hidden)
     13 hidden = hidden.detach()
---> 15 loss = criterion(output.view(-1, output_size), targets)  # Reshape outputs for criterion
     17 total_test_loss += loss.item()
     19 _, predicted = torch.max(output, dim=2) 

File ~\AppData\Local\Packages\PythonSoftwareFoundation.Python.3.11_qbz5n2kfra8p0\LocalCache\local-packages\Python311\site-packages\torch\nn\modules\module.py:1736, in Module._wrapped_call_impl(self, *args, **kwargs)
   1734     return self._compiled_call_impl(*args, **kwargs)  # type: ignore[misc]
   1735 else:
-> 1736     return self._call_impl(*args, **kwargs)

File ~\AppData\Local\Packages\PythonSoftwareFoundation.Python.3.11_qbz5n2kfra8p0\LocalCache\local-packages\Python311\site-packages\torch\nn\modules\module.py:1747, in Module._call_impl(self, *args, **kwargs)
   1742 # If we don't have any hooks, we want to skip the rest of the logic in
   1743 # this function, and just call forward.
   1744 if not (self._backward_hooks or self._backward_pre_hooks or self._forward_hooks or self._forward_pre_hooks
   1745         or _global_backward_pre_hooks or _global_backward_hooks
   1746         or _global_forward_hooks or _global_fo",productive,productive,带代码描述报错,productive,贴代码和报错排查,productive,两位标注者一致，直接采纳。
25,a5,0,42,how can I print the first row of a tensor,"In order to print the first row of a tensor, you can utilize popular libraries such as PyTorch or TensorFlow. Below, I'll provide examples for both libraries.

### Using PyTorch

1. **Import the library and create a tensor.**
2. **Access and print the first row.**

```python
import torch

# Create a 2D tensor (for example, 3 rows and 4 columns)
tensor = torch.tensor([[1, 2, 3, 4],
                       [5, 6, 7, 8],
                       [9, 10, 11, 12]])

# Access the first row (index 0)
first_row = tensor[0]

# Print the first row
print(first_row)
```

### Using TensorFlow

1. **Import the library and create a tensor.**
2. **Access and print the first row.**

```python
import tensorflow as tf

# Create a 2D tensor (for example, 3 rows and 4 columns)
tensor = tf.constant([[1, 2, 3, 4],
                      [5, 6, 7, 8],
                      [9, 10, 11, 12]])

# Access the first row (index 0) using tf slicing
first_row = tensor[0]

# Print the first row
print(first_row.numpy())  # Convert to numpy for printing
```

### Summary
Both examples show how to create a tensor and access its first row using indexing. In PyTorch, you can directly print the tensor, while in TensorFlow, it's recommended to convert it to a numpy array for a clear output when printing.",how about the first columns,ambiguous,productive,具体追问第一列写法,productive,具体追问列操作,productive,两位标注者一致，直接采纳。
26,a5,13,30,"im getting this error: RuntimeError                              Traceback (most recent call last)
Cell In[52], line 6
      4 print(""Original tensor shape:"", x.shape)
      5 y = torch.reshape(x, (-1,))  # TODO: Reshape to a 1D tensor
----> 6 if y:
      7   print(""Reshaped tensor shape:"", y.shape)
      9 z = None  # TODO: Reshape to a 2x8 tensor

RuntimeError: Boolean value of Tensor with more than one value is ambiguous","The error you're encountering is due to the line `if y:` where `y` is a tensor. In PyTorch, when you attempt to evaluate a tensor as a boolean expression, it raises an error if the tensor has more than one element. This error occurs because PyTorch does not allow direct conversion of tensors to boolean values to prevent ambiguous situations.

To properly check if a tensor is defined and not empty, you should check its size instead. Here's how to modify your code to handle this correctly:

### Corrected Code

```python
import torch

# Create a 4x4 tensor with random values
x = torch.randn(4, 4)
print(""Original tensor shape:"", x.shape)

# Reshape to a 1D tensor
y = torch.reshape(x, (-1,))  # Reshape to a 1D tensor
if y.numel() > 0:  # Check if y has any elements
    print(""Reshaped tensor shape:"", y.shape)

# Reshape to a 2x8 tensor
z = torch.reshape(x, (2, 8))  # Reshape to a 2x8 tensor
if z.numel() > 0:  # Check if z has any elements
    print(""Reshaped tensor shape:"", z.shape)

# Permute dimensions
x = torch.randn(2, 3, 4)  # Original tensor (2, 3, 4)
x_perm = x.permute(1, 0, 2)  # Change the order of dimensions to (3, 2, 4)
print(""Permuted tensor shape:"", x_perm.shape)
```

### Changes Made:
1. **Boolean Check**: Instead of using `if y:`, the code now uses `if y.numel() > 0:`. The `numel()` method returns the number of elements in the tensor. This way, you are explicitly checking if the tensor contains any elements.
  
2. **Handling `z`**: I added the same check for `z` to ensure it’s valid before accessing its shape.

With these adjustments, your code should run without errors, and it will correctly check whether the reshaped tensors `y` and `z` have any elements before printing their shapes.","debug: x = torch.randn(4, 4)
print(""Original tensor shape:"", x.shape)
y = torch.reshape(x, (-1,))  # TODO: Reshape to a 1D tensor
if y:
  print(""Reshaped tensor shape:"", y.shape)

z = torch.reshape(x, (2, 8))  # TODO: Reshape to a 2x8 tensor
if z:
  print(""Reshaped tensor shape:"", z.shape)


# Permute (reorders dimensions)
x = torch.randn(2, 3, 4)
x_perm = torch.permute(x, (2, 0, 1)) # TODO: Swap dimensions in order 2, 0, 1
print(""Original tensor shape:"", x.shape)
print(""Permuted tensor shape:"", x_perm.shape)",productive,productive,贴代码继续调试,productive,贴代码继续debug,productive,两位标注者一致，直接采纳。
27,a5,15,37,"I am getting the following error Using a target size (torch.Size([16])) that is different to the input size (torch.Size([16, 1])) is deprecated. Please ensure they have the same size.","The error you are encountering occurs because the shapes of your model's outputs and the target labels do not match when computing the loss. Specifically, the model's output has a shape of `[batch_size, 1]`, while the target labels have a shape of `[batch_size]`. 

To resolve this issue, you can do one of the following:

### Option 1: Squeeze the Output Tensor

You can modify the output from the model by removing the additional dimension using `squeeze()`. This will convert the shape from `[batch_size, 1]` to `[batch_size]`, allowing it to match the shape of the target labels.

Here’s how you can modify the line that computes the loss:

```python
# Compute loss
loss = criterion(outputs.squeeze(), labels)  # Squeeze the output to match the target shape
```

### Option 2: Change the Target Shape

Alternatively, you could adjust the shape of the target labels so that they match the output shape of the model (`[batch_size, 1]`). This can be done by adjusting the target labels to have two dimensions as follows:

```python
# Change the target to have shape [batch_size, 1]
loss = criterion(outputs, labels.view(-1, 1))  # Reshape labels to be [batch_size, 1]
```

### Updated Complete Example

Here’s the updated complete code including the fix. You can choose either option based on your preference. In this example, I'll show Option 1:

```python
import torch
import torch.nn as nn
import torch.optim as optim
from torch.utils.data import DataLoader, Dataset
import matplotlib.pyplot as plt

# Define the neural network
class MyNeuralNetwork(nn.Module):
    def __init__(self):
        super(MyNeuralNetwork, self).__init__()
        self.fc1 = nn.Linear(7, 64)   # Fully Connected Layer: input size 7, output size 64
        self.fc2 = nn.Linear(64, 32)   # Fully Connected Layer: input size 64, output size 32
        self.fc3 = nn.Linear(32, 1)    # Fully Connected Layer: input size 32, output size 1
        self.relu = nn.ReLU()          # ReLU activation function

    def forward(self, x):
        x = self.fc1(x)                # Pass through first layer
        x = self.relu(x)               # Apply ReLU activation
        x = self.fc2(x)                # Pass through second layer
        x = self.relu(x)               # Apply ReLU activation
        x = self.fc3(x)                # Pass through third layer
        x = torch.sigmoid(x)           # Apply Sigmoid activation
        return x

# Example dataset
class RandomDataset(Dataset):
    def __init__(self, num_sample",perform inference on a model,ambiguous,dependency,无关跳题且无解释,dependency,跳到无关新任务,dependency,两位标注者一致，直接采纳。
28,a7,9,21,How to fix the following error: The size of tensor a (32) must match the size of tensor b (64) at non-singleton dimension 0,"The error message you're encountering:

```
The size of tensor a (32) must match the size of tensor b (64) at non-singleton dimension 0
```

indicates that there is a mismatch in the tensor sizes during a computation, likely during some operation where you're trying to apply an operation between two tensors that require compatible sizes, such as addition, multiplication, or concatenation. 

### Common Causes and Solutions

1. **Batch Size Mismatch**:
   - This error could occur if you are using two different batch sizes in your model. For example, if one tensor (output from your model) has a batch size of 32 and you compare it with targets that have a batch size of 64.
   - **Solution**: Ensure that the output from your model and the target labels have the same batch size. You can check the batch size of both tensors before performing operations.

2. **Shape Mismatch in Tensor Operations**:
   - If you're trying to perform operations (like addition, scoring, etc.) between two tensors, and their dimensions do not align, you will encounter size mismatches.
   - **Solution**: Check the shapes of the tensors involved. You may want to reshape or permute one of the tensors to match the shape of the other tensor.

3. **Incorrect Data Loader Configuration**:
   - If you're using a DataLoader, ensure that `drop_last=True` is used for the training set. This prevents the creation of smaller batches at the end of your dataset, which can result in shape mismatches if the last batch does not match the expected size.
   - **Action**: If you already have `drop_last=True`, confirm that the training dataset is processed correctly.

4. **Output Layer Mismatch**:
   - Another common source of this error is the mismatch between the output of the network (after the fully connected layer) and the shape of your target labels.
   - **Solution**: Ensure that the output layer of your model is configured to output the correct number of classes. For instance, if you have a vocabulary size of `vocab_size`, the output layer should be `nn.Linear(hidden_size, vocab_size)` so that the model outputs the correct shape.

### Debugging Steps
To debug this issue, follow these steps:

1. **Print Tensor Shapes**:
   Before the operation that causes the error, insert print statements to output the shapes of the tensors involved:
   ```python
   print(""Output shape:"", output.shape)  # Output from your model
   print(""Target shape:"", target.shape)    # Ground truth labels
   ```

2. **Verify Data Lo","Best hyperparams to minimize both time and loss

#TODO: Set your model's hyperparameters

sequence_length = 100  # Length of each input sequence
stride = 1             # Stride for creating sequences
embedding_dim = 64     # Dimension of character embeddings
hidden_size = 256      # Number of features in the hidden state of the RNN
learning_rate = 0.001  # Learning rate for the optimizer
num_epochs = 5         # Number of epochs to train
batch_size = 128       # Batch size for training
vocab_size = len(vocab)
input_size = len(vocab)
output_size = len(vocab)\",ambiguous,productive,贴超参设置新尝试,productive,贴新超参尝试,productive,两位标注者一致，直接采纳。
29,a5,26,27,"Epoch 1/20, Loss: 0.0209
Epoch 1/20, Loss: 0.0406
Epoch 1/20, Loss: 0.0552
Epoch 1/20, Loss: 0.0783
Epoch 1/20, Loss: 0.0908
Epoch 1/20, Loss: 0.1054
Epoch 1/20, Loss: 0.1232
Epoch 1/20, Loss: 0.1368
Epoch 1/20, Loss: 0.1550
Epoch 1/20, Loss: 0.1720
Epoch 1/20, Loss: 0.1829
Epoch 1/20, Loss: 0.1970
Epoch 1/20, Loss: 0.2170
Epoch 1/20, Loss: 0.2411
Epoch 1/20, Loss: 0.2682
Epoch 1/20, Loss: 0.2773
Epoch 1/20, Loss: 0.2922
Epoch 1/20, Loss: 0.3133
Epoch 1/20, Loss: 0.3319
Epoch 1/20, Loss: 0.3550
Epoch 1/20, Loss: 0.3769
Epoch 1/20, Loss: 0.3873
Epoch 1/20, Loss: 0.3940
Epoch 2/20, Loss: 0.0197
Epoch 2/20, Loss: 0.0392
Epoch 2/20, Loss: 0.0538
Epoch 2/20, Loss: 0.0718
Epoch 2/20, Loss: 0.0878
Epoch 2/20, Loss: 0.1007
Epoch 2/20, Loss: 0.1219
Epoch 2/20, Loss: 0.1430
Epoch 2/20, Loss: 0.1639
Epoch 2/20, Loss: 0.1817
Epoch 2/20, Loss: 0.1990
Epoch 2/20, Loss: 0.2206
Epoch 2/20, Loss: 0.2485
Epoch 2/20, Loss: 0.2659
Epoch 2/20, Loss: 0.2825
Epoch 2/20, Loss: 0.2942
Epoch 2/20, Loss: 0.3081
Epoch 2/20, Loss: 0.3223
Epoch 2/20, Loss: 0.3385
Epoch 2/20, Loss: 0.3555
Epoch 2/20, Loss: 0.3723
Epoch 2/20, Loss: 0.3881
Epoch 2/20, Loss: 0.3910
Epoch 3/20, Loss: 0.0143
Epoch 3/20, Loss: 0.0347
Epoch 3/20, Loss: 0.0506
Epoch 3/20, Loss: 0.0630
Epoch 3/20, Loss: 0.0748
Epoch 3/20, Loss: 0.0910
Epoch 3/20, Loss: 0.1088
Epoch 3/20, Loss: 0.1305
Epoch 3/20, Loss: 0.1403
Epoch 3/20, Loss: 0.1559
Epoch 3/20, Loss: 0.1810
Epoch 3/20, Loss: 0.2036
Epoch 3/20, Loss: 0.2239
Epoch 3/20, Loss: 0.2422
Epoch 3/20, Loss: 0.2562
Epoch 3/20, Loss: 0.2715
Epoch 3/20, Loss: 0.2881
Epoch 3/20, Loss: 0.3071
Epoch 3/20, Loss: 0.3248
Epoch 3/20, Loss: 0.3487
Epoch 3/20, Loss: 0.3687
Epoch 3/20, Loss: 0.3859
Epoch 3/20, Loss: 0.3899
Epoch 4/20, Loss: 0.0091
Epoch 4/20, Loss: 0.0238
Epoch 4/20, Loss: 0.0356
Epoch 4/20, Loss: 0.0541
Epoch 4/20, Loss: 0.0707
Epoch 4/20, Loss: 0.0877
Epoch 4/20, Loss: 0.1134
Epoch 4/20, Loss: 0.1303
Epoch 4/20, Loss: 0.1488
Epoch 4/20, Loss: 0.1695
Epoch 4/20, Loss: 0.1945
Epoch 4/20, Loss: 0.2118
Epoch 4/20, Loss: 0.2270
Epoch 4/20, Loss: 0.2426
Epoch 4/20, Loss: 0.2627
Epoch 4/20, Loss: 0.2828
Epoch 4/20, Loss: 0.3023
Epoch 4/20, Loss: 0.3196
Epoch 4/20, Loss: 0.3342
Epoch 4/20, Loss: 0.3519
Epoch 4/20, Loss: 0.3628
Epoch 4/20, Loss: 0.3827
Epoch 4/20, Loss: 0.3877
Epoch 5/20, Loss: 0.0157
Epoch 5/20, Loss: 0.0282
Epoch 5/20, Loss: 0.0414
Epoch 5/20, Loss: 0.0563
Epoch 5/20, Loss: 0.0787
Epoch 5/20, Loss: 0.0982
Epoch 5/20, Loss: 0.1222
Epoch 5/20, Loss: 0.1445
","It appears you're sharing the results of your hyperparameter tuning experiments on the Titanic dataset, including the training output and accuracies for various configurations. Below, I’ll summarize and analyze the results and provide feedback on your findings.

### Summary of Hyperparameter Tuning Results

Here’s a summary of the experiments you performed:

| Experiment # | Learning Rate | Optimizer   | Architecture        | Accuracy (%) |
|--------------|---------------|-------------|---------------------|--------------|
| 1            | 0.001         | Adam        | (64-32-1)           | 81.56        |
| 2            | 0.0001        | Adam        | (64-32-1)           | 81.01        |
| 3            | 0.001         | SGD         | (128-64-32)         | 81.56        |
| 4            | 0.0005        | RMSprop    | (64-32)             | 82.12        |
| 5            | 0.01          | Adam        | (128-64-32-16-1)    | 81.56        |

### Analysis of Findings

1. **Learning Rate Impact**:
   - The learning rates of **0.001** and **0.0001** both yielded reasonable accuracy, but the lower learning rate of **0.0001** in Experiment 2 resulted in slightly lower accuracy than expected, despite the assumption that a smaller learning rate should provide more stable convergence. It’s important to note that too small a learning rate may also lead to slow convergence without significant improvement in accuracy.

2. **Optimizer Effects**:
   - Using Adam as the optimizer in Experiment 1 provided solid results, but switching to SGD (in Experiment 3) with a different architecture didn’t improve accuracy significantly. It shows that although Adam is generally a good choice, the impact of the specific architecture used also plays a vital role in model performance.
   - Experiment 4 used RMSprop with a learning rate of **0.0005** and achieved the highest accuracy of **82.12%** when using a simpler architecture. This suggests that sometimes simpler architectures coupled with effective optimizers can yield better results than complex architectures with potentially less suitable optimizers.

3. **Architecture Variations**:
   - Experiment 3 increased the units in the layers to **128-64-32** but didn't show a notable improvement in performance when using Adam with a learning rate of **0.001**. This illustrates that simply adding more neurons and layers does not always correlate with better performance.
   - On the other hand, adding another layer in Experiment 5 (to **128-64-3","Epoch 1/20, Loss: 0.0209
Epoch 1/20, Loss: 0.0406
Epoch 1/20, Loss: 0.0552
Epoch 1/20, Loss: 0.0783
Epoch 1/20, Loss: 0.0908
Epoch 1/20, Loss: 0.1054
Epoch 1/20, Loss: 0.1232
Epoch 1/20, Loss: 0.1368
Epoch 1/20, Loss: 0.1550
Epoch 1/20, Loss: 0.1720
Epoch 1/20, Loss: 0.1829
Epoch 1/20, Loss: 0.1970
Epoch 1/20, Loss: 0.2170
Epoch 1/20, Loss: 0.2411
Epoch 1/20, Loss: 0.2682
Epoch 1/20, Loss: 0.2773
Epoch 1/20, Loss: 0.2922
Epoch 1/20, Loss: 0.3133
Epoch 1/20, Loss: 0.3319
Epoch 1/20, Loss: 0.3550
Epoch 1/20, Loss: 0.3769
Epoch 1/20, Loss: 0.3873
Epoch 1/20, Loss: 0.3940
Epoch 2/20, Loss: 0.0197
Epoch 2/20, Loss: 0.0392
Epoch 2/20, Loss: 0.0538
Epoch 2/20, Loss: 0.0718
Epoch 2/20, Loss: 0.0878
Epoch 2/20, Loss: 0.1007
Epoch 2/20, Loss: 0.1219
Epoch 2/20, Loss: 0.1430
Epoch 2/20, Loss: 0.1639
Epoch 2/20, Loss: 0.1817
Epoch 2/20, Loss: 0.1990
Epoch 2/20, Loss: 0.2206
Epoch 2/20, Loss: 0.2485
Epoch 2/20, Loss: 0.2659
Epoch 2/20, Loss: 0.2825
Epoch 2/20, Loss: 0.2942
Epoch 2/20, Loss: 0.3081
Epoch 2/20, Loss: 0.3223
Epoch 2/20, Loss: 0.3385
Epoch 2/20, Loss: 0.3555
Epoch 2/20, Loss: 0.3723
Epoch 2/20, Loss: 0.3881
Epoch 2/20, Loss: 0.3910
Epoch 3/20, Loss: 0.0143
Epoch 3/20, Loss: 0.0347
Epoch 3/20, Loss: 0.0506
Epoch 3/20, Loss: 0.0630
Epoch 3/20, Loss: 0.0748
Epoch 3/20, Loss: 0.0910
Epoch 3/20, Loss: 0.1088
Epoch 3/20, Loss: 0.1305
Epoch 3/20, Loss: 0.1403
Epoch 3/20, Loss: 0.1559
Epoch 3/20, Loss: 0.1810
Epoch 3/20, Loss: 0.2036
Epoch 3/20, Loss: 0.2239
Epoch 3/20, Loss: 0.2422
Epoch 3/20, Loss: 0.2562
Epoch 3/20, Loss: 0.2715
Epoch 3/20, Loss: 0.2881
Epoch 3/20, Loss: 0.3071
Epoch 3/20, Loss: 0.3248
Epoch 3/20, Loss: 0.3487
Epoch 3/20, Loss: 0.3687
Epoch 3/20, Loss: 0.3859
Epoch 3/20, Loss: 0.3899
Epoch 4/20, Loss: 0.0091
Epoch 4/20, Loss: 0.0238
Epoch 4/20, Loss: 0.0356
Epoch 4/20, Loss: 0.0541
Epoch 4/20, Loss: 0.0707
Epoch 4/20, Loss: 0.0877
Epoch 4/20, Loss: 0.1134
Epoch 4/20, Loss: 0.1303
Epoch 4/20, Loss: 0.1488
Epoch 4/20, Loss: 0.1695
Epoch 4/20, Loss: 0.1945
Epoch 4/20, Loss: 0.2118
Epoch 4/20, Loss: 0.2270
Epoch 4/20, Loss: 0.2426
Epoch 4/20, Loss: 0.2627
Epoch 4/20, Loss: 0.2828
Epoch 4/20, Loss: 0.3023
Epoch 4/20, Loss: 0.3196
Epoch 4/20, Loss: 0.3342
Epoch 4/20, Loss: 0.3519
Epoch 4/20, Loss: 0.3628
Epoch 4/20, Loss: 0.3827
Epoch 4/20, Loss: 0.3877
Epoch 5/20, Loss: 0.0157
Epoch 5/20, Loss: 0.0282
Epoch 5/20, Loss: 0.0414
Epoch 5/20, Loss: 0.0563
Epoch 5/20, Loss: 0.0787
Epoch 5/20, Loss: 0.0982
Epoch 5/20, Loss: 0.1222
Epoch 5/20, Loss: 0.1445
",dependency,dependency,基本复读先前输出,dependency,基本复制运行输出,dependency,两位标注者一致，直接采纳。
30,a4,28,33,$ h(x) = 1.66e+00 + 12 * Temperature + 2 * Mols KCl - 1.23e-07 * Temperature^2 - 1.06e-11 * Mols KCl^2 + 0.029 * (Temperature * Mols KCl) $,"It looks like you've presented a formatted version of your polynomial regression equation that uses some scientific notation for the coefficients and has rounded certain values for clarity. Here’s how this looks in non-LaTeX plain text:

### Polynomial Regression Equation (Plain Text)

```
h(x) = 1.66 + 12 * Temperature + 2 * Mols KCl - 1.23e-07 * Temperature^2 - 1.06e-11 * Mols KCl^2 + 0.029 * (Temperature * Mols KCl)
```

### Breakdown of the Equation
- **h(x)**: Represents the predicted output size in cubic nanometers (nm³).
- **1.66**: The intercept of the regression model.
- **12 * Temperature**: Indicates that for each degree increase in Temperature, the predicted size increases by 12 nm³.
- **2 * Mols KCl**: Indicates that for each mole of KCl, the predicted size increases by 2 nm³.
- **-1.23e-07 * Temperature^2**: This term reduces the size slightly as the square of the temperature increases, indicating a non-linear effect.
- **-1.06e-11 * Mols KCl^2**: A very small negative effect of the square of moles of KCl on size, showing minimal impact.
- **0.029 * (Temperature * Mols KCl)**: The interaction term between Temperature and Mols KCl indicates how these two features together affect the predicted size.

### Conclusion
This equation provides a comprehensive model for predicting size based on temperature and moles of KCl. You can plug in specific values for these variables to calculate the expected size.

If you need further adjustments or explanations, feel free to ask!","First, load the cleaned CKD dataset. For grading consistency, please use the cleaned dataset included in this assignment ckd_feature_subset.csv instead of your version from Assignment 3 and use 42 as your random seed. Place your code and report for this section after in the same notebook, creating code and markdown cells as needed.

Next, you will train and evaluate the following classification models:

Logistic Regression
Support Vector Machines (see SVC in SKLearn)
k-Nearest Neighbors
Neural Networks
To measure the performance of the models, perform 5 fold cross validation using the entire dataset. Report these measurements in a table where you report the average and standard deviations. Summarize these results afterwards. Which model performed the best and why do you think that is?

Finally, experiment with a handful of different configurations for the neural network (report a minimum of 3 different settings) and report on the results in a table as you did above. Summarize your findings, which parameters made the biggest difference in the for classification?",productive,dependency,跳到新任务仅贴说明,ambiguous,贴新任务说明无尝试,dependency,整段粘贴新的作业说明并要求完成实验与总结，没有展示自己的尝试，偏向求解式依赖。
31,a5,8,24,should I use standard scaler to transform categorical features that have been encoded to numeric features,"Using `StandardScaler` or any scaler to transform categorical features that have been encoded into numeric features is generally **not recommended** for several reasons, which we can break down below:

### Reasons Not to Use StandardScaler for Encoded Categorical Features
1. **Meaning of Values**:
   - Categorical features encoded as numbers (e.g., using one-hot encoding or label encoding) do not have a natural order or scale. For instance, if you have a categorical variable ""Color"" with values [""Red"", ""Green"", ""Blue""], label encoding might assign:
     - Red → 0
     - Green → 1
     - Blue → 2
   - In this case, applying `StandardScaler` would imply that ""Green"" is halfway between ""Red"" and ""Blue"", which is incorrect.

2. **Interpreting the Distance**:
   - StandardScaler standardizes the data to have a mean of 0 and a standard deviation of 1. This transformation is meaningful for continuous variables but can distort relationships for categorical variables.
   - For example, if you use `StandardScaler` on a label-encoded categorical column, the scale might misrepresent the inherent relationships between the categories.

3. **One-Hot Encoding**:
   - If you have encoded the categorical variables using one-hot encoding, each category is represented as a binary variable. Using standard scaling on these binary variables would not make sense, as they are inherently different and do not need scaling.
   - In one-hot encoding, each feature column is already on the same scale (0 or 1).

### What to Do Instead
- **Leave Categorical Features as Is**: If you have categorical features that are one-hot encoded, you don't need to scale them.
- **Label Encoding**: If you are using label encoding and still need to apply scaling, it’s better to use techniques that treat categorical variables appropriately, such as:
  - **One-Hot Encoding**: Use pandas’ `get_dummies` or `sklearn.preprocessing.OneHotEncoder` to convert categorical features without introducing order.
  - **Target Encoding**: For more advanced techniques, consider target encoding, where you replace the category with the mean of the target variable for that category (use carefully).

### Conclusion
In summary, do **not** use `StandardScaler` or similar scaling methods directly on categorical features, even if they have been encoded to numeric format. Instead, use appropriate encoding strategies that respect the categorical nature of the data and do not introduce false numerical relationships.",even for a multi layer perceptron/neural network,ambiguous,productive,针对MLP具体追问,productive,针对模型继续追问,productive,两位标注者一致，直接采纳。
32,a1,2,41,do you have to instantiate new variables ,"In Python, you do not have to instantiate (or create) new variables for every piece of data you want to work with. However, to use a variable in your code (to store a value, for instance), you need to assign a value to it first. Here's how it works:

### Variable Assignment

You can assign a value to a variable in Python using the equals sign (`=`):

```python
x = 10   # Here, 'x' is a variable that stores the integer 10
name = ""Alice""  # 'name' is a variable that stores a string
```

### Variable Reassignment

You can reassign a variable to a new value:

```python
x = 10
x = 20  # Now 'x' holds the value 20
```

### Types of Variables

You don't need to declare the type of the variable explicitly in Python; Python is dynamically typed, which means the type is interpreted at runtime based on the assigned value:

```python
x = 5          # Integer
y = 3.14       # Float
name = ""Bob""   # String
is_valid = True # Boolean
```

### Scope of Variables

Variables can have different scopes (local, global), and they don't have to be instantiated each time. For example, you can declare a global variable outside a function and use it inside a function without needing to redefine it:

```python
global_variable = ""I'm global!""

def my_function():
    print(global_variable)  # Accessing the global variable

my_function()  # This will print ""I'm global!""
```

### Conclusion

To summarize, while you have to create (instantiate) variables when you want to store data, you can reuse existing variables without having to create new ones unnecessarily. You can assign new values to the same variable as many times as you need within its scope.","What is a parameter in a function that would be named ""self""",ambiguous,dependency,无关切换到新概念,ambiguous,跳到新概念信息少,ambiguous,问题具体但与前文任务关联不明，单凭这一句难判断其是否在推进当前学习任务。
33,a6,3,15,provide prompt template,"When creating a prompt template for a Large Language Model (LLM) to classify the genre of a song based on its lyrics and to potentially generate recommendations, it's important to structure the prompt clearly to guide the model in producing desired outputs. Below is a prompt template you can use for your project, along with an example for clarity:

### Prompt Template

```
### Task
You are an AI music genre classifier. Given the information about a song, identify its genre and provide similar songs based on the lyrics.

### Input Information
- **Lyrics**: ""{lyrics}""
- **Artist**: {artist_name}
- **Song Title**: {song_title}

### Instructions
1. Based on the provided lyrics, classify the genre of the song as either ""pop"" or ""progressive rock"".
2. Recommend three similar songs based on the identified genre and the vibe of the provided lyrics.

### Response Format
- **Genre**: [Insert genre here: 'pop' or 'prog']
- **Recommendations**:
   1. [Song Title - Artist]
   2. [Song Title - Artist]
   3. [Song Title - Artist]
```

### Example of Using the Prompt Template

Here is an example filled out with specific song data:

```
### Task
You are an AI music genre classifier. Given the information about a song, identify its genre and provide similar songs based on the lyrics.

### Input Information
- **Lyrics**: ""I will survive, oh as long as I know how to love, I know I'll stay alive.""
- **Artist**: Gloria Gaynor
- **Song Title**: I Will Survive

### Instructions
1. Based on the provided lyrics, classify the genre of the song as either ""pop"" or ""progressive rock.""
2. Recommend three similar songs based on the identified genre and the vibe of the provided lyrics.

### Response Format
- **Genre**: [Insert genre here: 'pop' or 'prog']
- **Recommendations**:
   1. [Song Title - Artist]
   2. [Song Title - Artist]
   3. [Song Title - Artist]
```

### Notes:
- The **Instructions** section clearly outlines what you expect from the model, which helps in generating accurate and relevant responses.
- The **Response Format** clearly defines how the response should be structured, aiding in easy parsing of the model’s output.
- In an actual implementation, replace placeholders like `{lyrics}`, `{artist_name}`, and `{song_title}` with the respective data from your dataset.
- This template can be adjusted or expanded based on your needs, including more detailed instructions or different output formats as necessary. 

By using this structured approach, you can effectively communic",another example,dependency,dependency,只要再给一个例子,dependency,只要另一个例子,dependency,两位标注者一致，直接采纳。
34,a7,2,5,The model input is a sequence of text that has been converted to a sequence of unique indices to represent each character. I have the following functions and want to implement the last one,Sure! Please provide the details of the functions you already have and any specific requirements or context for the last function you wish to implement. Knowing what you have will help me assist you better.,"def sample_from_output(logits, temperature=1.0):
    """"""
    Sample from the logits with temperature scaling.
    logits: Tensor of shape [batch_size, vocab_size] (raw scores, before softmax)
    temperature: a float controlling the randomness (higher = more random)
    """"""
    # Apply temperature scaling to logits (increase randomness with higher values)
    scaled_logits = logits / temperature  # Scale the logits by temperature
    # Apply softmax to convert logits to probabilities
    probabilities = F.softmax(scaled_logits, dim=1)
    
    # Sample from the probability distribution
    sampled_idx = torch.multinomial(probabilities, 1)  # Sample one index from the probability distribution
    return sampled_idx

def generate_text(model, start_text, n, k, temperature=1.0):
    """"""
        model: The trained RNN model used for character prediction.
        start_text: The initial string of length `n` provided by the user to start the generation.
        n: The length of the initial input sequence.
        k: The number of additional characters to generate.
        temperature: Optional
        A scaling factor for randomness in predictions. Higher values (e.g., >1) make 
            predictions more random, while lower values (e.g., <1) make predictions more deterministic.
            Default is 1.0.
    """"""
    start_text = start_text.lower()
    #TODO: Implement the rest of the generate_text function

    start_text_data = [char_to_idx[c] for c in start_text]

The last one converts the input sequence into the indices. I then want to use the model to generate the next k characters after the sequence and return the predicted characters in a variable called generated_text. I'm using a dictionary called idx_to_char to convert the character indices back into their corresponding characters.",productive,productive,按要求贴出函数代码,productive,贴出函数实现尝试,productive,两位标注者一致，直接采纳。
35,a4,3,42,"from gere, how do i split the dataset into features and label","To split your dataset into features (X) and labels (y) after loading it in pandas, you will generally follow these steps:

1. **Identify your features**: Typically, these are all the input columns you will use for your model, excluding the label.
2. **Identify your label**: This is the target variable you want to predict. 

Assuming you have identified which column is your label, you will generally do something like this:

Here's how you can do it in code:

```python
import pandas as pd
from sklearn.model_selection import train_test_split

# Load the dataset
science_dataset = pd.read_csv('science_data_large.csv')

# Output the first 15 rows of the data
print(science_dataset.head(15))

# Display a summary of the table information (number of datapoints, etc.)
print(science_dataset.info())

# Split the dataset into features (X) and label (y)
# Assuming 'label_column_name' is the name of your label column
X = science_dataset.drop(columns=['label_column_name'])  # Replace with your actual label column name
y = science_dataset['label_column_name']                 # Replace with your actual label column name

# Now you can check the shapes of X and y
print(""Features shape:"", X.shape)
print(""Label shape:"", y.shape)
```

### Explanation:
- **Identifying Features and Labels**:
  - `X = science_dataset.drop(columns=['label_column_name'])`: This line removes the label column from the dataset, leaving just the features. Make sure to replace `'label_column_name'` with the actual name of your label column.
  - `y = science_dataset['label_column_name']`: This line extracts the label column.

- **Checking Shapes**: Printing the shapes of `X` and `y` provides you with information about the number of samples and features, which can help ensure that the split has been done correctly.

### Note:
- Make sure to replace `'label_column_name'` with the actual column name in your dataset that you are trying to predict.
- If your dataset contains multiple labels or you're working on a multi-output problem, you would adjust accordingly based on how your labels are structured.","    Temperature °C  Mols KCL     Size nm^3
0              469       647  6.244743e+05
1              403       694  5.779610e+05
2              302       975  6.196847e+05
3              779       916  1.460449e+06
4              901        18  4.325726e+04
5              545       637  7.124634e+05
6              660       519  7.006960e+05
7              143       869  2.718260e+05
8               89       461  8.919803e+04
9              294       776  4.770210e+05
10             991       117  2.441771e+05
11             307       781  5.006455e+05
12             206        70  3.145200e+04
13             437       599  5.390215e+05
14             566        75  9.185271e+04
Temperature °C      int64
Mols KCL            int64
Size nm^3         float64
dtype: object
1000",ambiguous,productive,贴数据概览推进任务,productive,补充数据样例推进,productive,两位标注者一致，直接采纳。
36,a6,5,8,"from collections import defaultdict

def create_frequency_tables(document, n):
    """"""
    This function constructs a list of `n` frequency tables for an n-gram model, each table capturing character frequencies with increasing conditional dependencies.

    - **Parameters**:
        - `document`: The text document used to train the model.
        - `n`: The number of value of `n` for the n-gram model.

    - **Returns**:
        - Returns a list of n frequency tables.
    """"""
    tables = [defaultdict(lambda: defaultdict(int)) for _ in range(n)]
    
    for i in range(len(document)):
        for j in range(1, n + 1):
            if i + j <= len(document):
                sequence = document[i:i + j]
                char = sequence[-1]
                prev_chars = sequence[:-1]
                tables[j - 1][char][prev_chars] += 1

    return tables


def calculate_probability(sequence, char, tables):
    """"""
    Calculates the probability of observing a given sequence of characters using the frequency tables.

    - **Parameters**:
        - `sequence`: The sequence of characters whose probability we want to compute.
        - `tables`: The list of frequency tables created by `create_frequency_tables()`, this will be of size `n`.
        - `char`: The character whose probability of occurrence after the sequence is to be calculated.

    - **Returns**:
        - Returns a probability value for the sequence.
    """"""
    n = len(sequence)
    if n == 0:
        return 0

    table_index = min(n, len(tables)) - 1
    table = tables[table_index]

    prev_chars_dict = table.get(sequence, {})
    count = prev_chars_dict.get(char, 0)
    total_count = sum(prev_chars_dict.values())
    
    if total_count == 0:
        return 0
    
    return count / total_count


def predict_next_char(sequence, tables, vocabulary):
    """"""
    Predicts the most likely next character based on the given sequence.

    - **Parameters**:
        - `sequence`: The sequence used as input to predict the next character.
        - `tables`: The list of frequency tables.
        - `vocabulary`: The set of possible characters.
    
    - **Functionality**:
        - Calculates the probability of each possible next character in the vocabulary, using `calculate_probability()`.

    - **Returns**:
        - Returns the character with the maximum probability as the predicted next character.
    """"""
    if not vocabulary:
        return ''  
    
    max_prob = 0
    next_char = ''
    
    # E","The issue you're facing where the sequence does not update further between iterations seems to stem from the slicing logic when you call `predict_next_char` in your `main.py`. Based on your implementation and the example data, I'll help you adjust the code to ensure the predictions are made correctly and the sequence is updated as expected.

### Key Issues

1. **Slicing Length**: 
   You're passing the last `n` characters from `current_sequence` when calling `predict_next_char`, but since `n` can be greater than the current sequence length (especially on the first iteration), this might lead to always passing the same characters (`aa`) to `predict_next_char`.

2. **Correct Slice Length**: 
   You should pass the last `n-1` characters of `current_sequence` when making the prediction.

### Suggested Fixes

To resolve these issues, you'll need to modify the way you slice `current_sequence` in the following line:
```python
next_char = predict_next_char(current_sequence[-n:], tables, vocabulary)
```

Instead, it should be:
```python
next_char = predict_next_char(current_sequence[-(n-1):], tables, vocabulary)
```

### Revised `main.py`

Here’s the modified `main.py` code along with the fixed slicing logic:

```python
#!/usr/bin/env python3
from utilities import read_file, print_table
from NgramAutocomplete import create_frequency_tables, calculate_probability, predict_next_char

def main():
    document = read_file('warandpeace.txt')
    document = ""aababcaccaaacbaabcaac""  # Example document for testing
    n = int(input(""Enter the number of grams (n): ""))
    initial_sequence = input(f""Enter an initial sequence: "")
    k = int(input(""Enter the length of completion (k): ""))
    
    tables = create_frequency_tables(document, n)
    print(f""Frequency tables: {tables}"")

    vocabulary = set(tables[0])
    print(f""Vocabulary: {vocabulary}"")  
    
    current_sequence = initial_sequence

    for _ in range(k):
        # Ensure to use the last (n-1) chars from the sequence for prediction
        next_char = predict_next_char(current_sequence[-(n-1):], tables, vocabulary)
        current_sequence += next_char      
        print(f""Updated sequence: {current_sequence}"")

if __name__ == ""__main__"":
    main()
```

### Summary of Changes

1. **Changed Substring for Predicting**: In the loop, I changed `current_sequence[-n:]` to `current_sequence[-(n-1):]` to ensure that the correct context is provided when predicting the next character.

### Additional Considerations

","./main.py
Enter the number of grams (n): 3
Enter an initial sequence: aa
Enter the length of completion (k): 5
Frequency tables: [defaultdict(<function create_frequency_tables.<locals>.<lambda> at 0x105049620>, {'a': defaultdict(<class 'int'>, {'': 11}), 'b': defaultdict(<class 'int'>, {'': 4}), 'c': defaultdict(<class 'int'>, {'': 6})}), defaultdict(<function create_frequency_tables.<locals>.<lambda> at 0x1050ddd00>, {'a': defaultdict(<class 'int'>, {'a': 5, 'b': 2, 'c': 3}), 'b': defaultdict(<class 'int'>, {'a': 3, 'c': 1}), 'c': defaultdict(<class 'int'>, {'b': 2, 'a': 3, 'c': 1})}), defaultdict(<function create_frequency_tables.<locals>.<lambda> at 0x1050ddda0>, {'b': defaultdict(<class 'int'>, {'aa': 2, 'ba': 1, 'ac': 1}), 'a': defaultdict(<class 'int'>, {'ab': 1, 'bc': 2, 'cc': 1, 'ca': 2, 'aa': 1, 'cb': 1, 'ba': 1}), 'c': defaultdict(<class 'int'>, {'ab': 2, 'ca': 1, 'ac': 1, 'aa': 2})})]
Vocabulary: {'b', 'c', 'a'}
Updated sequence: aa
Updated sequence: aa
Updated sequence: aa
Updated sequence: aa
Updated sequence: aa


Still no changes with this main.py 
#!/usr/bin/env python3
from utilities import read_file, print_table
from NgramAutocomplete import create_frequency_tables, calculate_probability, predict_next_char

def main():
    document = read_file('warandpeace.txt')
    document = ""aababcaccaaacbaabcaac""
    n = int(input(""Enter the number of grams (n): ""))
    initial_sequence = input(f""Enter an initial sequence: "")
    k = int(input(""Enter the length of completion (k): ""))
    
    tables = create_frequency_tables(document, n)
    print(f""Frequency tables: {tables}"")

    vocabulary = set(tables[0])
    print(f""Vocabulary: {vocabulary}"")  
    
    current_sequence = initial_sequence

    for _ in range(k):
        # Predict the most likely next character
        next_char = predict_next_char(current_sequence[-(n-1):], tables, vocabulary)
        current_sequence += next_char      
        print(f""Updated sequence: {current_sequence}"")

if __name__ == ""__main__"":
    main()
",productive,productive,贴程序输出验证修改,productive,贴运行输出验证,productive,两位标注者一致，直接采纳。
37,a3,2,15,"## Part 3.3: Rows with Missing values

Removing missing values from a dataset is important for classification because it ensures the model is trained on complete and accurate data, leading to better performance and reliable predictions. Incomplete data can introduce bias and errors, negatively impacting the model's effectiveness.# Calculate the percentage of rows that contain atleast one missing value

# Print %

# Drop these rows from the dataset

# Print the Dataset","To identify and remove rows with missing values from the combined dataset, you can use the `isnull()` and `any()` methods in Pandas. Here are the steps you'd follow:

1. Calculate the percentage of rows that contain at least one missing value.
2. Print the percentage.
3. Drop the rows with any missing values.
4. Print the cleaned dataset.

Here’s how you can do this in code:

```python
import pandas as pd

# Load the given datasets
chronic_numerical = pd.read_csv(""chronic_kidney_disease_numerical.csv"")
chronic_categorical = pd.read_csv(""chronic_kidney_disease_categorical.csv"")

# Merge the two datasets using the unique ID
combined_dataset = pd.merge(chronic_numerical, chronic_categorical, on='unique_ID', how='inner')

# Calculate the percentage of rows that contain at least one missing value
missing_values = combined_dataset.isnull().any(axis=1)
percentage_missing = (missing_values.sum() / len(combined_dataset)) * 100

# Print the percentage of rows with at least one missing value
print(f""Percentage of rows with at least one missing value: {percentage_missing:.2f}%"")

# Drop these rows from the dataset
cleaned_dataset = combined_dataset.dropna()

# Print the cleaned dataset
print(""Cleaned Dataset:"")
print(cleaned_dataset.head())
```

### Explanation:
1. **Calculating Missing Values:**
   - `isnull()` checks for missing values in the dataset and creates a boolean DataFrame.
   - `any(axis=1)` checks across rows to see if any column in that row has a missing value. This results in a Series of boolean values.
   - `missing_values.sum()` gives the number of rows with at least one missing value.

2. **Calculating Percentage:**
   - The percentage is calculated as the number of rows with missing values divided by the total number of rows, multiplied by 100.

3. **Dropping Missing Values:**
   - The `dropna()` method removes any rows that contain at least one missing value.

4. **Printing the Results:**
   - The percentage of rows with missing values is printed in a formatted string.
   - Finally, the cleaned dataset (with no missing values) is displayed using the `head()` method to show the first few rows.

Make sure to adjust the code as per your dataset structure if needed.","# Sort the dataset according to the values in 'Target' column. Make sure reset the indices after sorting

# Print the dataset",ambiguous,ambiguous,仅贴下一步要求,ambiguous,仅贴下一步题目,ambiguous,两位标注者一致，直接采纳。
38,a3,2,27,"## Part 3.2: Combine two differents datasets

A good skill to have is to know how to combine 2 different datasets.

Are all the unique ids are present in both datasets? Why do you think so? If not, what do the rows that are missing from one of the datasets look like in the combined table?","To combine two different datasets, you typically perform a join operation based on a common key or column. In your case, it seems like you're interested in checking for unique IDs that should be present in both datasets, and then analyzing what happens when you combine them.

Here's how you can do this step-by-step using `pandas`. We'll assume that both datasets have a column named `id` that uniquely identifies each row. Make sure to replace `'id'` with the actual name of your ID column if it's different.

### Step-by-Step Implementation

1. **Check for unique IDs in both datasets**.
2. **Merge the two datasets**.
3. **Analyze the result to see if any IDs are missing and understand the data**.

### Example Code

```python
import pandas as pd

# Load datasets
stcat = pd.read_csv(""chronic_kidney_disease_categorical.csv"")
stnum = pd.read_csv(""chronic_kidney_disease_numerical.csv"")

# Check unique IDs in both datasets
unique_ids_cat = set(stcat['id'])
unique_ids_num = set(stnum['id'])

# Identify missing IDs
missing_in_cat = unique_ids_num - unique_ids_cat
missing_in_num = unique_ids_cat - unique_ids_num

print(f""Unique IDs in categorical dataset but not in numerical dataset: {missing_in_num}"")
print(f""Unique IDs in numerical dataset but not in categorical dataset: {missing_in_cat}"")

# Combine datasets based on the 'id' column
combined = pd.merge(stnum, stcat, on='id', how='outer', indicator=True)

# Show a few rows of the combined dataset
print(""\nCombined Dataset:"")
print(combined.head())

# Analyze the combined dataset to find missing rows
missing_in_stcat = combined[combined['_merge'] == 'right_only']  # Rows only in stcat
missing_in_stnum = combined[combined['_merge'] == 'left_only']   # Rows only in stnum

# Output details about missing rows
print(f""\nRows from the categorical dataset that are missing in the numerical dataset:"")
print(missing_in_stnum)

print(f""\nRows from the numerical dataset that are missing in the categorical dataset:"")
print(missing_in_stcat)

# Count total missing rows
count_missing_in_stcat = missing_in_stcat.shape[0]
count_missing_in_stnum = missing_in_stnum.shape[0]

print(f""\nTotal rows in the categorical dataset missing from numerical dataset: {count_missing_in_stnum}"")
print(f""Total rows in the numerical dataset missing from categorical dataset: {count_missing_in_stcat}"")
```

### Explanation of the Code:
1. **Load the datasets**: The two datasets are loaded into `stcat` and `stnum`.
2. **Identify unique IDs**: Sets are crea","KeyError: 'id'

The above exception was the direct cause of the following exception:

KeyError                                  Traceback (most recent call last)
Cell In[5], line 8
      5 stnum = pd.read_csv(""chronic_kidney_disease_numerical.csv"")
      7 # Check unique IDs in both datasets
----> 8 unique_ids_cat = set(stcat['id'])
      9 unique_ids_num = set(stnum['id'])
...
   3815     #  InvalidIndexError. Otherwise we fall through and re-raise
   3816     #  the TypeError.
   3817     self._check_indexing_error(key)
",productive,productive,贴出KeyError调试,productive,贴报错继续调试,productive,两位标注者一致，直接采纳。
39,a6,1,7,"{'ab': {'c': 3}, 'bc': {' ': 3}} this is how the data is formatted","Thank you for providing the structure of the frequency tables. Given that the data format for the frequency tables is a nested dictionary, I will further refine the `calculate_probability` function to match this data structure.

Here's the updated version of the function:

```python
def calculate_probability(sequence, char, tables):
    """"""
    Calculates the probability of observing a given sequence of characters using the frequency tables.

    - **Parameters**:
        - `sequence`: The sequence of characters whose probability we want to compute.
        - `tables`: The list of frequency tables created by `create_frequency_tables()`, this will be of size `n`.
        - `char`: The character whose probability of occurrence after the sequence is to be calculated.

    - **Returns**:
        - Returns a probability value for the sequence.
    """"""
    seqLen = len(sequence)  # Get the length of the sequence
    
    if seqLen == 0 or seqLen > len(tables):  # Edge cases
        return 0.0

    currTable = tables[seqLen - 1]  # Get the relevant table for this sequence length
    occurSeq = 0
    totalAppearances = 0

    # Loop through the frequency table to find occurrences and totals
    if sequence in currTable:  # Check if the sequence is a key in the current table
        occurSeq = sum(currTable[sequence].values())  # Get total occurrences of the sequence

    # Calculate total appearances of all possible characters following the sequence
    for following_char in currTable.get(sequence, {}):
        totalAppearances += currTable[sequence][following_char]
    
    # Avoid division by zero
    if totalAppearances == 0:
        return 0.0

    probability = occurSeq / totalAppearances  # Calculate the probability
    return probability
```

### Key Adjustments:

1. **Summing Occurrences**:
   - The occurrence of the sequence is summed up from its corresponding dictionary. For example, if `sequence` is `'ab'`, it retrieves the counts of characters that follow the sequence: `occurSeq = sum(currTable[sequence].values())`.

2. **Total Appearances**:
   - The appearance total considers all counts of characters that can follow the sequence stored in the frequency table. If the sequence is found, it counts how many times characters appear after that sequence.

3. **Using `get` Method**:
   - The method `currTable.get(sequence, {})` provides a safe way to access the dictionary by returning an empty dictionary if the sequence key is not found, preventing potential",occurSeq should be the number of times the char appears after the given seq,ambiguous,productive,提出自己对变量的判断,productive,提出自己的理解,productive,两位标注者一致，直接采纳。
40,a2,29,30,does the root node contain a letter?,"In the implementation of a trie (prefix tree), the root node typically does **not** contain a letter. Instead, it acts as a placeholder to represent the starting point of the tree structure. Here are some explanations regarding the root node:

### Characteristics of the Root Node

1. **Placeholder**: 
   - The root node serves as an empty starting point where no specific character is associated with it. This allows it to branch off into various character nodes based on the words that are inserted into the trie.
   
2. **Children Nodes**: 
   - The child nodes of the root represent the first characters of the inserted words. For example, if the first word to be inserted is ""there,"" the root node will have a child node for 't', which will subsequently lead to 'h', 'e', 'r', and 'e'.

3. **Design Flexibility**:
   - Not including a character in the root allows for more straightforward handling of varying prefixes and structures, making it easier to manage the tree when inserting or searching for words.

### Example Trie Structure Without a Character in Root
Here’s a simple representation of a trie without a character in the root node:

```
           *
          / \
         t   e
        /|   |
       h a   e
      /| \
     e i  y
```

In this diagram:
- The root (represented by `*`) doesn't contain a letter.
- It has children that extend into branches for letters that begin inserted words, like 't' (for ""the"") and 'e' (for ""eat"").

### Conclusion
In summary, the root node in a standard implementation of a trie does not contain a letter itself; it exists primarily as a starting point from which all words can branch out as they are inserted into the trie. This setup aids in efficiently managing the structure of the trie and simplifies the logic of inserting and searching for words.","when a branch like ""though"" also has ""thought"" after it with the last T, how does the program know to continue past the H to the T to get thought?",productive,productive,提出具体机制问题,productive,具体追问Trie路径,productive,两位标注者一致，直接采纳。
41,a6,4,6,How to use label encoder on a dataframe,"Label encoding is a technique used to convert categorical text data into numerical format. In a pandas DataFrame, you can use the `LabelEncoder` from the `sklearn.preprocessing` module to perform label encoding on categorical variables.

Here's a step-by-step guide on how to use `LabelEncoder` on a pandas DataFrame:

### Step 1: Import Necessary Libraries

You need to import pandas and the `LabelEncoder`.

```python
import pandas as pd
from sklearn.preprocessing import LabelEncoder
```

### Step 2: Create a Sample DataFrame

Let’s create a sample DataFrame with categorical data.

```python
data = {
    'Color': ['Red', 'Blue', 'Green', 'Blue', 'Green', 'Red'],
    'Size': ['S', 'M', 'M', 'L', 'S', 'L'],
    'Label': ['A', 'B', 'B', 'A', 'A', 'B']
}

df = pd.DataFrame(data)
print(df)
```

Output:
```
   Color Size Label
0    Red    S     A
1   Blue    M     B
2  Green    M     B
3   Blue    L     A
4  Green    S     A
5    Red    L     B
```

### Step 3: Initialize the LabelEncoder

You can create an instance of `LabelEncoder`.

```python
label_encoder = LabelEncoder()
```

### Step 4: Apply Label Encoder to a Column

You can apply the `LabelEncoder` to each categorical column. Here’s how to encode the 'Color', 'Size', and 'Label' columns:

```python
# Encoding the 'Color' column
df['Color'] = label_encoder.fit_transform(df['Color'])

# Encoding the 'Size' column
df['Size'] = label_encoder.fit_transform(df['Size'])

# Encoding the 'Label' column
df['Label'] = label_encoder.fit_transform(df['Label'])

print(df)
```

### Important Note:
If you encode multiple columns, you should create separate `LabelEncoder` instances for each column to avoid mixing encodings, as `LabelEncoder` will remember the mapping it created for previous encodings.

### Step 5: Create Separate LabelEncoders for Each Column (Recommended)

Here’s how you can keep the encodings separate:

```python
# Create separate LabelEncoders for each column
color_encoder = LabelEncoder()
size_encoder = LabelEncoder()
label_encoder = LabelEncoder()

# Fit and transform each categorical column
df['Color'] = color_encoder.fit_transform(df['Color'])
df['Size'] = size_encoder.fit_transform(df['Size'])
df['Label'] = label_encoder.fit_transform(df['Label'])

print(df)
```

**Output:**
```
   Color  Size  Label
0      2     1      0
1      0     2      1
2      1     2      1
3      0     0      0
4      1     1      0
5      2     0      1
```

### Step 6: Inverse Transformation (Optional)

If you need to c","
# TODO: Select features and target
X = ['Pclass', 'Sex', 'Age', 'SibSp', 'Parch', 'Fare', 'Embarked']
y = ['Survived']

# TODO: Normalize numerical features in X
# Hint: Use StandardScaler()",ambiguous,ambiguous,贴TODO代码意图不明,ambiguous,代码块像题目非尝试,ambiguous,两位标注者一致，直接采纳。
42,a2,4,11,"this is my genZ.txt file:

lit liter no cap bet fam fire tbh fr extra salty shook lowkey highkey vibe check sus simp ghosting salty snatched outfit cancelled shook tea is sis bruh bestie receipts facts curve basic extra totally  af simping cancelled glowed up mood flex clout drip fire iconic slay queen woke fam goals snatched tea no  savage shook lowkey highkey cap vibe check sus simp salty snatched cancelled shook tea sis bruh bestie receipts facts curve basic extra af glowed up mood flex clout drip iconic slay queen woke fam goals snatched tea savage periodt no cap finna turnt snatched tea savage shook lowkey vibe check sus simp salty snatched cancelled shook sis bruh bestie receipts facts curve basic extra af simping cancelled glowed up mood flex clout drip iconic slay queen woke goals tea savage lit no cap bet fam fire tbh fr extra salty shook lowkey vibe check sus simp ghosting salty snatched cancelled shook tea sis bruh bestie receipts facts curve basic extra af simping cancelled glowed up mood flex clout drip iconic slay queen woke fam goals snatched tea savage snatched receipts vibe check salty ghosting mood clout glow up facts sus fam basic slay there though that the their through thee thou thought thag 
","Thank you for providing the contents of the `genZ.txt` file. We can use this text to test our `Autocomplete` class and specifically the `suggest_bfs` method with the prefix ""th"".

Here's how you can run the code, using the `genZ.txt` contents to build the trie and retrieve suggestions for the prefix ""th"":

### Complete Code Example

Below is the full implementation of the `Autocomplete` class, including reading from the `genZ.txt` file and testing the `suggest_bfs` method:

```python
from collections import deque
import random
import string

class Node:
    def __init__(self):
        self.children = {}
        self.is_end_of_word = False

class Autocomplete:
    def __init__(self, parent=None, document=""""):
        self.root = Node()
        self.suggest = self.suggest_random  # Default suggestion method

        # Build the tree with the document if provided
        if document:
            self.build_tree(document)

    def build_tree(self, document):
        for word in document.split():  # Split by whitespace
            node = self.root
            for char in word:
                if char not in node.children:
                    node.children[char] = Node()
                node = node.children[char]
            node.is_end_of_word = True  # Mark end of the word

    def suggest_random(self, prefix):
        random_suffixes = [''.join(random.choice(string.ascii_lowercase) for _ in range(3)) for _ in range(5)]
        return [prefix + suffix for suffix in random_suffixes]

    def suggest_bfs(self, prefix):
        node = self.root
        # Traverse to find the last node in the prefix
        for char in prefix:
            if char in node.children:
                node = node.children[char]
            else:
                return []  # If prefix not found, return empty list

        suggestions = []
        queue = deque([(node, prefix)])  # Store (current node, current prefix)

        while queue:
            current_node, current_prefix = queue.popleft()
            if current_node.is_end_of_word:
                suggestions.append(current_prefix)

            for char, child_node in current_node.children.items():
                queue.append((child_node, current_prefix + char))

        return suggestions

def main():
    # Read from genZ.txt
    with open('genZ.txt', 'r') as file:
        document = file.read()

    autocomplete = Autocomplete(document=document)

    # Using the prefix 'th'
    suggestions = autocomplete.suggest_bfs(""th"")
   ","3. TODO: suggest_dfs(prefix)
What it does:

Implements the Depth-First Search (DFS) algorithm on the tree.
Takes a prefix as input.
Finds all words in the tree that start with the prefix.
Your task:

Start from the node that corresponds to the last character of the prefix.
Using DFS traverse the sub tree and build a list of suggestions.
Explain your intuition in recursive DFS VS stack-based DFS, and which one you used. Write this in the section provided at the end of this readme.
Run your code with the genZ.txt file and suggest_dfs() method that you just implemented with the prefix ""th"" and note the the autocompleted suggestions it generates in the Reports Section below. Make sure you note down the suggestions in the same order in which they are originally displayed on your screen.
",ambiguous,ambiguous,转到新子任务仅贴要求,dependency,直接贴题目让完成,dependency,直接粘贴 DFS 子任务说明并要求实现与报告，主要是在把解题工作交给助手。
43,a2,19,20,can there be more than 2 elements in a pq tuple,"Yes, you can have tuples with more than two elements in a priority queue (PQ) in Python. The tuple can contain any number of elements, and it can be structured in various ways, depending on how you want to represent the priority and the associated data. 

### How Priority Queues Work with Tuples

When using a priority queue, especially with the `heapq` module or `queue.PriorityQueue`, items are typically stored as tuples where the first element is used as the priority for sorting. The implementation will retrieve items based on the first element in the tuple, which should represent the priority.

### Example with More Than Two Elements

Here’s an example that demonstrates using a priority queue where each tuple contains multiple elements:

#### Using `heapq`

```python
import heapq

# Create an empty list to represent the priority queue
pq = []

# Adding items with more than two elements: (priority, (data1, data2, ...))
heapq.heappush(pq, (2, ('task 2', 'extra info 1')))
heapq.heappush(pq, (1, ('task 1', 'extra info 2')))
heapq.heappush(pq, (3, ('task 3', 'extra info 3')))

# Removing items
while pq:
    priority, (task, extra_info) = heapq.heappop(pq)
    print(f""Processing {task} with priority {priority} and {extra_info}"")
```

### Output
```
Processing task 1 with priority 1 and extra info 2
Processing task 2 with priority 2 and extra info 1
Processing task 3 with priority 3 and extra info 3
```

### Explanation

1. **Tuples in Priority Queue**: In this example, each item pushed onto the priority queue is a tuple where the first element is the priority, and the second element is another tuple containing additional data (e.g., task name and some extra information).
  
2. **Accessing Data**: When retrieving elements from the priority queue, we unpack the tuples accordingly. The first element gives us the priority, and the second element (which is itself a tuple) contains the additional data.

3. **Flexibility**: You can structure your tuples in any way that suits your use case. For example, you could add more fields to the tuple based on additional data you need to manage alongside the priority.

### Summary

In conclusion, there is no restriction on the number of elements you can have in a tuple used within a priority queue. You can design your tuples to include various pieces of information that are related to the priority item you are managing. This flexibility allows you to efficiently associate and retrieve related data alongside the priority.","  File ""/Users/<redacted>/Documents/spring25/cs383/assignments/assignment-2-search-complete-<redacted>/autocomplete.py"", line 107, in suggest_ucs
    heapq.heappush(pq, (running_sum + curr_sum, (child, word + char)))
TypeError: '<' not supported between instances of 'Node' and 'Node'

what is the error here",productive,productive,贴报错并追问原因,productive,贴报错并问原因,productive,两位标注者一致，直接采纳。
44,a3,4,6,so i want to count the incompeteRows and also drop them,"You can count the number of incomplete rows (rows with missing values) and then drop those rows from the DataFrame in one go. Here’s how you can do that:

1. **Count the incomplete rows using the `isnull()` method as outlined earlier.**
2. **Drop those rows using the `dropna()` method.**

Here’s a complete example of how to accomplish both tasks:

```python
import pandas as pd

# Replace 'your_file.csv' with the path to your CSV file
file_path = 'your_file.csv'

# Read the CSV file into a DataFrame
df = pd.read_csv(file_path)

# Count the number of rows with at least one missing value
incomplete_rows_count = df.isnull().any(axis=1).sum()

# Print the count of incomplete rows
print(f'Total number of rows with at least one empty value: {incomplete_rows_count}')

# Drop rows that contain any missing values
df_cleaned = df.dropna()

# Print the cleaned DataFrame
print(df_cleaned)

# Alternatively, if you want to drop them in place:
# df.dropna(inplace=True)
# print(df)  # This will now print the DataFrame without the incomplete rows
```

### Explanation:
1. **Counting Incomplete Rows**: 
   - `df.isnull().any(axis=1)`: Checks each row for any missing values and returns a boolean Series where `True` indicates the presence of at least one NaN value.
   - `sum()`: Sums the `True` values to get the total count of incomplete rows.

2. **Dropping Incomplete Rows**:
   - `df.dropna()`: Creates a new DataFrame without the rows that contain any missing values.
   - Optionally, you can use `inplace=True` to modify the original DataFrame directly, as shown in the commented-out code.

### Result:
- After running this code, you will have the count of the incomplete rows printed, and the cleaned DataFrame (`df_cleaned`) or original DataFrame will no longer contain any rows with missing values.

This approach is efficient and straightforward for counting and removing incomplete rows from a DataFrame in Pandas.","is this correct: # Calculate the percentage of rows that contain atleast one missing value
totalRows = len(merged);
incompleteRows = merged.isnull().sum(axis=1)
percent = ((totalRows - incompleteRows)/totalRows * 100)
# Print %
print(f'The percentage of rows that contain at least one-missing value: {percent}')

# Drop these rows from the dataset
fullDataSet = merged.dropna()

# Print the Dataset
print(fullDataSet)",productive,productive,贴代码请核对思路,productive,贴代码求确认,productive,两位标注者一致，直接采纳。
45,a3,9,12,wh tis I not effective?,"Using a single column for a categorical variable with multiple values (like ""type of condiment"" with several categories) is not effective because:

1. **Misinterpretation of Values**: A single column with categorical values (like ""ketchup"", ""mustard"", etc.) could be interpreted by some algorithms as ordinal data, suggesting a rank or order that doesn't actually exist, which can distort the model's learning.

2. **Loss of Information**: By using a single column, you lose the ability to see how each specific category contributes to the prediction. Each category may have a unique effect on the outcome (like sandwich ratings), which won’t be captured properly.

3. **Limited Predictive Power**: Many algorithms (like linear regression, decision trees, etc.) perform better when categorical variables are converted into a binary format. Separate binary columns allow the model to learn the distinct influence of each category individually, enhancing predictive performance.

4. **Sparse Representation**: One-hot encoding allows the model to handle cases where only a subset of categories is relevant for different instances, which is not possible with a single categorical column.

### Summary:
In summary, using one-hot encoding (multiple binary columns) instead of a single categorical column lets the model accurately learn the impact of each category without misunderstanding their relationships or effects.","In addition, we can also use 383GPT to convert our data manipulation operations between different data manipulation languages and libraries. For example let's prompt 383GPT to convert the following SQL query to a pandas query.

**SQL Query**
```sql
SELECT Target, COUNT(*) AS count
FROM your_table_name
GROUP BY Target;
```

Prompt 383GPT to convert this to a pandas query. Run this query below, then describe what it does. (If you're not familiar with SQL that is okay you need to only comment on the final resulting output.)",productive,ambiguous,仅贴作业说明,dependency,直接让模型做题,dependency,整段作业指令式请求，要求把 SQL 转 pandas 并运行说明，更像直接求解。
46,a2,2,5,"The order of the words for BFS should be: [the, thee, thou, that, thag, there, their, though, thought, through]. My implementation (below) does not return suggestions in that order, could you help figure out why?

def suggest_bfs(self, prefix):
        node = self.root
        for char in prefix:
            if char in node.children:
                node = node.children[char]
            else:
                return []
        
        suggestions = []
        queue = deque([(node, prefix)])
        
        while queue:
            current_node, word = queue.popleft()
            if current_node.is_word:
                suggestions.append(word)
            for char in sorted(current_node.children.keys()):
                queue.append((current_node.children[char], word + char))
        
        return suggestions","The issue in your `suggest_bfs` implementation that prevents the suggestions from being returned in the correct order lies in how you are handling the children of the `current_node` during the BFS traversal, specifically in the order in which you are appending the child nodes to the queue.

### Explanation of the Current Issue

In your current implementation:
```python
for char in sorted(current_node.children.keys()):
    queue.append((current_node.children[char], word + char))
```

At this point, you are sorting the keys of `current_node.children` and adding them to the queue, which is fine. However, since BFS processes nodes in a first-in-first-out (FIFO) manner, the children are only sorted at each level of the trie, not in a manner that ensures that the resulting words are produced in lexicographical order. 

### Suggested Changes

To ensure that the words are generated in the required lexicographical order, you'll need to maintain a more stringent approach where you ensure that children are not only added to the queue correctly in a sorted manner but also that you're processing nodes using a queue structure that maintains order throughout the BFS traversal.

### Corrected Implementation

Here's an updated version of your `suggest_bfs` method that ensures proper ordering:

```python
from collections import deque

def suggest_bfs(self, prefix):
    node = self.root
    # Traverse the trie to find the node corresponding to the prefix
    for char in prefix:
        if char in node.children:
            node = node.children[char]
        else:
            return []

    suggestions = []
    queue = deque([(node, prefix)])  # Start BFS from the found node

    while queue:
        current_node, word = queue.popleft()  # Process the current node
        # Check if the current node marks the end of a valid word
        if current_node.is_word:
            suggestions.append(word)

        # Sort keys before appending to ensure we traverse in lexicographical order
        for char in sorted(current_node.children.keys()):
            child_node = current_node.children[char]
            queue.append((child_node, word + char))

    return suggestions
```

### No Change

This code modifies only the order of processing in the BFS traversal. By always sorting the keys before appending children to the queue, we ensure that we are processing children nodes in a strict order. 

### Testing the Output

If you run your trie with this modified `suggest_bfs`, you should r","The following implementation of a suggest_ucs function has the error:
heapq.heappush(pq, (next_cost, next_node, current_prefix + char))
TypeError: '<' not supported between instances of 'Node' and 'Node'

Here is the function:

def suggest_ucs(self, prefix):
        current_node = self.root
        for char in prefix:
            if char in current_node.children:
                current_node = current_node.children[char]
            else:
                return []
        
        suggestions = []
        pq = []
        heapq.heappush(pq, (0, current_node, prefix))
        
        while pq:
            cost, node, current_prefix = heapq.heappop(pq)

            if node.is_word:
                suggestions.append(current_prefix)
            
            for char, next_node in node.children.items():
                next_cost = cost + 1
                heapq.heappush(pq, (next_cost, next_node, current_prefix + char))
        
        return suggestions",productive,productive,给函数与报错求定位,productive,贴新函数和报错,productive,两位标注者一致，直接采纳。
47,a1,1,2,"how would you complete this code     def suggest_dfs(self, prefix):
        node = self.root
        for char in prefix:  # Traverse to the node that matches the last character of prefix
            if char in node.children:
                node = node.children[char]
            else:
                return []  # Return empty if prefix not found
        
        suggestions = []
        stack = [(node, prefix)]  # Stack for DFS traversal

        while stack:
            current_node, current_prefix = stack.pop()

            if current_node.is_end_of_word:
                suggestions.append(current_prefix)  # Add word if we reach end of a word

            for char, next_node in current_node.children.items():
                stack.append((next_node, current_prefix + char))  # Add children to the stack
        print(f""Suggestions for '{prefix}': {suggestions}"")
        return suggestions
        ","The `suggest_dfs` method you've shared is already mostly complete. It performs a depth-first search (DFS) on a trie to gather suggestions based on a given prefix. However, to provide a clearer picture, let's add comments and explain the completed code line by line.

Here’s the method you provided with completion along with explanations:

```python
def suggest_dfs(self, prefix):
    node = self.root
    # Traverse to the node that matches the last character of the prefix
    for char in prefix:
        if char in node.children:
            node = node.children[char]
        else:
            return []  # Return empty list if prefix not found

    suggestions = []  # Initialize the list to store suggestions
    stack = [(node, prefix)]  # Create a stack for DFS traversal, starting with the node matching the prefix

    while stack:  # Continue until the stack is empty
        current_node, current_prefix = stack.pop()  # Pop the top element from the stack

        if current_node.is_end_of_word:  # Check if we reached the end of a valid word
            suggestions.append(current_prefix)  # Add the current prefix to the suggestions list

        # Iterate through the children of the current_node
        for char, next_node in current_node.children.items():
            stack.append((next_node, current_prefix + char))  # Push the child node and updated prefix onto the stack

    print(f""Suggestions for '{prefix}': {suggestions}"")  # Print the found suggestions
    return suggestions  # Return the list of suggestions
```

### Code Explanation

1. **Function Definition**: The method `suggest_dfs(self, prefix)` is defined to return word suggestions based on a given prefix using a depth-first search approach in a trie.

2. **Traversing the Trie**:
   - `node = self.root`: Start from the root of the trie.
   - The for-loop checks each character in the `prefix`:
     - If the character exists as a child of the current node (`if char in node.children`), it moves down to that child node.
     - If any character in the prefix is missing in the trie, it returns an empty list (`return []`).

3. **Preparation for DFS**:
   - `suggestions = []`: Initializes an empty list to hold the resulting word suggestions.
   - `stack = [(node, prefix)]`: Initializes a stack with a tuple containing the current node (where the prefix ends) and the prefix itself. This will be used to explore further down the trie.

4. **Depth-First Search**:
   - `while stack:`: A loop that continues as ","complete this code from collections import deque
import heapq
import random
import string




class Node:
    #TODO
    def __init__(self):
        self.children = {}
        self.is_end_of_word = False

class Autocomplete():
    def __init__(self, parent=None, document=""""):
        self.root = Node()
        self.suggest = self.suggest_dfs #Default, change this to `suggest_dfs/ucs/bfs` based on which one you wish to use.


    def build_tree(self, document):
        for word in document.split(): ##loops through words in document
            node = self.root
            for char in word: ##loops through each character looped through each word in document
                #TODO for students
                if char not in node.children: 
                    node.children[char] = Node()  
                node = node.children[char]
            node.is_end_of_word = True

    def suggest_random(self, prefix):
        random_suffixes = [''.join(random.choice(string.ascii_lowercase) for _ in range(3)) for _ in range(5)]
        return [prefix + suffix for suffix in random_suffixes]

    #TODO for students!!!
    def suggest_bfs(self, prefix):
        
        node = self.root
        for char in prefix: #loops through letters in prefix
            if char in node.children:
                node = node.children[char] # Changes current node to a child of current node
            else:
                return []  # If prefix not in trie, return empty list

        suggestions = []
        queue = deque([(node, prefix)])  # Start BFS from node that matches last char of prefix
        
        while queue:
            current_node, current_prefix = queue.popleft()
            
            if current_node.is_end_of_word:
                suggestions.append(current_prefix)
            
            for char, next_node in current_node.children.items():
                queue.append((next_node, current_prefix + char))
        print(f""Suggestions for '{prefix}': {suggestions}"")
        return suggestions
            
        
        

        

    

    #TODO for students!!!
    def suggest_dfs(self, prefix):",productive,dependency,要求补全整段代码,dependency,直接要求补全代码,dependency,两位标注者一致，直接采纳。
48,a2,1,3,"
lit liter no cap bet fam fire tbh fr extra salty shook lowkey highkey vibe check sus simp ghosting salty snatched outfit cancelled shook tea is sis bruh bestie receipts facts curve basic extra totally  af simping cancelled glowed up mood flex clout drip fire iconic slay queen woke fam goals snatched tea no  savage shook lowkey highkey cap vibe check sus simp salty snatched cancelled shook tea sis bruh bestie receipts facts curve basic extra af glowed up mood flex clout drip iconic slay queen woke fam goals snatched tea savage periodt no cap finna turnt snatched tea savage shook lowkey vibe check sus simp salty snatched cancelled shook sis bruh bestie receipts facts curve basic extra af simping cancelled glowed up mood flex clout drip iconic slay queen woke goals tea savage lit no cap bet fam fire tbh fr extra salty shook lowkey vibe check sus simp ghosting salty snatched cancelled shook tea sis bruh bestie receipts facts curve basic extra af simping cancelled glowed up mood flex clout drip iconic slay queen woke fam goals snatched tea savage snatched receipts vibe check salty ghosting mood clout glow up facts sus fam basic slay there though that the their through thee thou thought thag 
","It seems you've provided a list of slang words followed by a string of words, which includes various terms such as ""lit,"" ""vibe check,"" ""cancelled,"" and so on, as well as various forms of ""there,"" ""though,"" and similar words. It looks like you might be asking for assistance with checking or analyzing the list in some way, possibly regarding their usage, ordering, or frequency.

### Possible Considerations:

1. **Contextual Meaning**: The slang words listed appear to be common in online and youth culture. Understanding how each term is used in context might be beneficial, especially for someone looking to analyze trends in language or social media culture.

2. **Word Frequency**: If this list is meant for some frequency analysis (similar to how words might be tracked in a suggestion system), counting how many times each term appears could be helpful for understanding which terms are most common.

3. **Sorting and Grouping**: Depending on your goal, you might want to sort these words (e.g., alphabetically, by frequency) or group similar terms together.

4. **Trie Structure Consideration**: If you're looking to use this list in a trie data structure (like the one in the `suggest_ucs` function you provided), you could insert each word and keep track of their frequencies. This would allow you to analyze them further (for instance, through autocomplete or suggestion features).

### Possible Next Steps:

- **Frequency Analysis**: Count the occurrences of each unique term. This can be done using Python dictionaries or collections.Counter for efficiency.
  
- **Sorting/Filtering**: Depending on your needs, sort the terms alphabetically, or perhaps filter out some less common terms if you're focusing on a specific subset.

- **Implementing in a Program**: If you're seeking to implement these in a function or script for suggestions, consider how you might utilize these words effectively in a trie-like structure.

Would you like me to help you with any specific operations related to this list, such as counting word frequencies, sorting, or implementing a function based on this list?",thats the set,dependency,ambiguous,只做简短澄清,dependency,仅简短确认,ambiguous,“thats the set”只是极短澄清，信息量不足，不能稳定判断为推进或停滞。
49,a1,0,1,"Adjusted for inflation, has public funding for reskilling and retraining increased or decreased in the last 20 years?","As of my last knowledge update in October 2023, the trends in public funding for reskilling and retraining can vary significantly by country and region, as well as the specific policies in place. 

In many advanced economies, there has been a growing recognition of the need for workforce development in response to technological changes, globalization, and shifts in labor market demands. Consequently, some governments have increased their funding for reskilling and retraining programs, especially in the wake of the COVID-19 pandemic, which accelerated the need for diverse skills in the workforce.

However, whether this funding has increased or decreased in real terms (adjusted for inflation) would require specific data analyses for each country or region. In some cases, public investment may not have kept pace with the increasing demands for training in high-growth sectors, resulting in a relative decrease in funding available for reskilling efforts when adjusted for inflation.

To get a definitive answer on the trend over the last 20 years, it would be necessary to look at detailed governmental and organizational budget reports, studies, and analyses that track this funding trend over time across specific countries or regions.","how many words is this

Although I was able to predict most of the negative outcomes that the documentary highlighted, I do think it was interesting and worth watching. It was very unsurprising to learn that companies like Amazon use vast amounts of automation/robots to keep their warehouses running at peak efficiency. Other cases like the death of retail stores like malls was also somewhat obvious, given how rarely I go to malls these days. I found the section about reskill-ing workers to be quite interesting. I assumed that there must be some companies working on providing tech education resources to people with varying backgrounds, but I was surprised to learn that these schools have such high demand from both employers, but also too much supply to keep up with from the student side of things. Given the rise of generative AI I think that Andrew Yang highlighted a very critical point that some people may overlook. Retraining people with new skills is inevitably going to be too slow of change compared to the speed that AI can grow. As generative AI becomes more efficient exponentially, the simpler tasks that a freshly 'retrained' person may be able to work on would be much more efficiently completed by AI. Watching this film made the idea of UBI more interesting. Historically I've been against the idea of paying Americans for just being American, however the points raised in the documentary have been making me think about it again. Having a large population of unemployed people not making any money results in a large cohort of people without the means to improve their lives. Hopefully, a monthly payment from the government would allow Americans to be able to retrain themselves and do something that they both want to do, and that isn't at risk of being taken over by a robot.",productive,dependency,无关转为新请求,dependency,让模型代数单词,dependency,两位标注者一致，直接采纳。
50,a6,4,5,in md markdown,"Sure! Here is the equation and its explanation formatted properly in Markdown. You can use this in platforms that support Markdown rendering:

```markdown
The probability of a sequence followed by a character can be expressed as follows:

$$
P(\text{sequence} + \text{char}) = \frac{P(\text{char} \mid \text{sequence}[n-1], \text{sequence}[n-2], \ldots, \text{sequence}[0])}{P(\text{sequence}[n-1] \mid \text{sequence}[n-2], \ldots, \text{sequence}[0])}
$$

### Explanation of Notation:

- \( P(\text{sequence} + \text{char}) \): The joint probability of observing a specific sequence followed by a specific character.
- \( P(\text{char} \mid \text{sequence}[n-1], \text{sequence}[n-2], \ldots, \text{sequence}[0]) \): The conditional probability of the character given the preceding characters in the sequence.
- \( P(\text{sequence}[n-1] \mid \text{sequence}[n-2], \ldots, \text{sequence}[0]) \): The conditional probability of the last character of the sequence given all previous characters in the sequence.
```

### Rendering Information
- The `$` symbols are commonly used in Markdown to indicate LaTeX math mode, which should render the equation properly on platforms that support it, like Jupyter Notebooks or certain Markdown editors.
- Make sure the platform you are using supports the rendering of LaTeX. If it does not, the equations may not appear as intended.",Its not working,dependency,ambiguous,只说不工作缺细节,ambiguous,只说不工作太少,ambiguous,两位标注者一致，直接采纳。
51,a3,2,8,"So when I load in a csv, how will the dataframe look with missing values if the csv just has blanks? Will that be autofilled by nan values or na?","When you load a CSV file into a pandas DataFrame using `pd.read_csv()`, missing values represented by blanks in the CSV (i.e., empty cells) will be automatically interpreted as missing values in the DataFrame. By default, pandas will fill these empty cells with `NaN` (from NumPy).

### Example:

Consider you have a CSV file called `data.csv` with the following content:

```
name,age,city
Alice,25,New York
Bob,,Los Angeles
Charlie,30,
```

When you read this CSV file into a pandas DataFrame:

```python
import pandas as pd

# Load the CSV file
df = pd.read_csv('data.csv')

print(df)
```

The resulting DataFrame `df` would look like this:

```
      name   age           city
0    Alice  25.0       New York
1      Bob   NaN    Los Angeles
2  Charlie  30.0            NaN
```

### Explanation:

1. The missing value for Bob's age (the second row) is filled with `NaN`, because there is a blank cell.
2. The missing value for Charlie's city (the last column in the third row) is also filled with `NaN`.

### Summary:

- By default, when loading a CSV file, blanks will be filled in with `NaN` values.
- If you want to change how pandas handles missing values, you can specify parameters in `pd.read_csv()`, such as `na_values` to define custom missing value representations. However, empty strings are a standard case that will automatically translate to `NaN`.","So if I didnt import numpy when I imported pandas, would that throw an error with missing values, or only when its called upon? Should numpy and pandas ALWAYS be imported together?",productive,productive,围绕缺失值继续追问,productive,具体追问依赖关系,productive,两位标注者一致，直接采纳。
52,a7,2,3,"""openai"" is not defined(reportUndefinedVariable)","The error message stating that `""openai"" is not defined` typically means that Python doesn't recognize the `openai` module because it hasn't been imported correctly. Here are the steps to ensure that everything is set up correctly:

### Step 1: Install the OpenAI Package
Make sure that you have the OpenAI package installed. You can do this by running the following command in your Python environment:

```bash
pip install openai
```

### Step 2: Import the OpenAI Module
In your Python script or notebook, make sure to import the OpenAI package at the beginning of your file. The import statement should look like this:

```python
import openai
```

### Step 3: Set Up Your API Key
You can set up your API key right after importing the module:

```python
# Set your OpenAI API key
_open_ai_tkn = ""your_openai_api_key""  # Replace with your actual OpenAI API key
openai.api_key = _open_ai_tkn
```

### Step 4: Define Your Function
Here's the complete example with everything combined:

```python
import openai  # Ensure this import is included

# Set your OpenAI API key
_open_ai_tkn = ""your_openai_api_key""  # Replace with your actual OpenAI API key
openai.api_key = _open_ai_tkn

# Optional: Set organization if needed
# _organisation_tkn = ""your_organisation_tkn""  # Replace if you're using multiple organizations
# openai.organization = _organisation_tkn 

# Function to get the response from the LLM
def get_llm_response(prompt, model=""gpt-4"", max_tokens=100):
    try:
        response = openai.ChatCompletion.create(
            model=model,
            messages=[{""role"": ""user"", ""content"": prompt}],
            max_tokens=max_tokens
        )
        return response['choices'][0]['message']['content'].strip()
    except Exception as e:
        return f""Error: {e}""

# Example usage
prompt = ""Tell me about the benefits of using OpenAI's models.""
response = get_llm_response(prompt)
print(response)
```

### Key Points:
- Make sure you have installed the OpenAI package with `pip`.
- Ensure that the import statement `import openai` is the first thing in your script (after any necessary `pip install` commands if you are running in a notebook).
- Replace `your_openai_api_key` with your actual API key.

Once the above steps are correctly followed, you should no longer see the `openai is not defined` error. If you still get an error, please provide any additional context or error messages so I can assist you better!",still getting Error: No module named 'openai.object_classes LLM response error,productive,productive,反馈仍有模块报错,productive,反馈错误继续排查,productive,两位标注者一致，直接采纳。
53,a7,23,43,is a loss of 0.014 is bad?,"Interpreting a loss value like `0.014` depends on several factors, including:

1. **Context of the Task**:
   - The meaning of the loss value is highly dependent on the task you are working on (e.g., binary classification, multi-class classification, regression).
   - For example, in regression tasks, a loss of `0.014` might indicate a reasonable level of accuracy depending on the scale of your target variable. In contrast, for binary classification using binary cross-entropy, a low loss value is typically considered good.

2. **Type of Loss Function**:
   - The specific loss function you are using may provide different interpretations of numerical loss values.
     - For **cross-entropy loss** in classification tasks, lower values are better; however, interpreting the loss values should also consider the model's performance on a validation set.
     - For **mean squared error (MSE)** in regression tasks, the loss value should also be considered relative to the range and scale of your target variable.

3. **Model Performance**:
   - It is essential to consider how the loss value correlates with other performance metrics, such as accuracy, precision, recall, F1-score, etc., particularly in classification tasks.
   - If your model achieves a low loss value but performs poorly on validation metrics, it may indicate overfitting. It is a good idea to evaluate the loss on a validation set or test set.

4. **Training Dynamics**:
   - Consider the training epoch when the loss reached `0.014`. If this is an early epoch, there is usually room for improvement. If it is toward the end of training and has plateaued, it might indicate that the model has converged, and further training might not yield significantly better performance.

5. **Comparison to Baseline**:
   - Compare your current loss value against previous iterations or a baseline model's performance (e.g., a naive model, average predictions). If `0.014` is significantly better than those, then it is an improvement.

### Summary

In summary, whether a loss of `0.014` is considered ""bad"" or ""good"" is context-dependent. It is essential to:
- Understand the task and loss function.
- Monitor validation performance alongside loss.
- Compare with previous models and baseline performance.
- Look at training progression over epochs to assess whether the model is learning effectively.

If possible, also visualize the loss curve and consider using additional metrics to better assess the model's performance comprehensi",it is cross-entropy,dependency,productive,补充损失函数上下文,productive,补充损失函数上下文,productive,两位标注者一致，直接采纳。
54,a3,21,41,"this following code is changing other numerical columns like unique_id, fix it: # Select numerical columns
numerical_columns = ['age', 'bp', 'bgr', 'bu', 'sc', 'sod', 'pot', 'hemo', 'pcv', 'wbcc', 'rbcc']
numerical_cols = dataset.select_dtypes(include='number').columns
num_cols = []
for i in numerical_cols:
    if i in numerical_columns:
        num_cols.append(i)

# Initialize the MinMaxScaler
scaler = MinMaxScaler()

# Fit the scaler on the numerical data and transform it
dataset[num_cols] = scaler.fit_transform(dataset[num_cols])","The issue you're experiencing—where other numerical columns, such as `unique_id`, are being altered during normalization—can arise if `unique_id` is mistakenly included in the list of numerical columns to be normalized. Here’s how you can fix the code to ensure that only the specified numerical columns are normalized without affecting any other numerical columns not included in your specified `numerical_columns`.

### Updated Code

```python
import pandas as pd
from sklearn.preprocessing import MinMaxScaler

# Sample DataFrame creation (assuming dataset is already defined)
data = {
    'unique_id': [1, 2, 3, 4, 5],
    'age': [25, 30, 35, 40, 45],
    'bp': [80, 85, 90, 95, 100],
    'bgr': [120, 130, 140, 150, 160],
    'bu': [10, 20, 30, 40, 50],
    'sc': [0.5, 0.6, 0.7, 0.8, 0.9],
    'sod': [135, 140, 145, 150, 155],
    'pot': [3.5, 3.6, 3.7, 3.8, 3.9],
    'hemo': [14.0, 15.0, 16.0, 17.0, 18.0],
    'pcv': [40, 42, 44, 46, 48],
    'wbcc': [6600, 7000, 7400, 7800, 8200],
    'rbcc': [4.5, 4.6, 4.7, 4.8, 4.9]
}
dataset = pd.DataFrame(data)

# Specify only the numerical columns you want to normalize
numerical_columns = ['age', 'bp', 'bgr', 'bu', 'sc', 'sod', 'pot', 'hemo', 'pcv', 'wbcc', 'rbcc']

# Only keep the specified numerical columns from the dataset
num_cols = dataset[numerical_columns].columns.tolist()

# Initialize the MinMaxScaler
scaler = MinMaxScaler()

# Fit the scaler on the numerical data and transform it
dataset[num_cols] = scaler.fit_transform(dataset[num_cols])

# Display the normalized DataFrame
print(""Normalized DataFrame:"")
print(dataset)
```

### Explanation of the Changes:
1. **Preserving Original Data**: The specified `numerical_columns` are directly used to filter out the exact columns you want to normalize from the DataFrame, ensuring that only those columns are included in the scaling process.
2. **Selecting Columns for Normalization**: By directly referencing `dataset[numerical_columns].columns.tolist()`, we make sure that only the columns defined in `numerical_columns` are processed by Min-Max scaling.
3. **No Other Numerical Columns Affected**: This ensures that any other numerical columns, such as `unique_id`, which are not included in the `numerical_columns` list, remain unchanged.

### Conclusion
With this approach, the code normalizes only the intended numerical columns while leaving other numerical columns intact, preventing unintended modifications to data that should not be affected by normalization.",tell me waht kinds of columns would fit this question: Are there any columns in this dataset which are not appropriate for modeling and predictions? Which column(s)? Justify their exclusion and remove them,ambiguous,productive,聚焦建模列选择问题,dependency,直接让模型判断列,productive,围绕当前数据预处理继续追问哪些列不适合建模，属于聚焦的概念与决策推进。
55,a7,0,8,"Here is a python notebook for training an autocomplete RNN. Do not fill in anything, this is for reference purposes:

## Introduction

In this tutorial, we will build a character-level text autocomplete model using a Recurrent Neural Network (RNN) in PyTorch. We will train the model on the text from ""warandpeace.txt"". This project will help you understand how RNNs can be implemented for text generation tasks and their application in building your own autocomplete model.

## Importing Necessary Libraries
# This is Cell #1

import torch
import torch.nn as nn
import torch.nn.functional as F
import torch.optim as optim
from tqdm import tqdm
from torch.utils.data import Dataset, DataLoader
import random
import re

## Setting Up the Device
# This is Cell #2

device = torch.device('cuda' if torch.cuda.is_available() else 'cpu')
print(f""Using device: {device}"")
## Reading and Preprocessing the Data

Now it is time to prepare our training data.

# This is Cell #3

def read_file(filename):
    with open(filename, ""r"", encoding=""utf-8"") as file:
        text = file.read().lower()
        # Keep only lowercase letters and standard punctuation (.,!?;:()[])
        text = re.sub(r'[^a-z.,!?;:()\[\] ]+', '', text)
    return text

# sequence = read_file(""warandpeace.txt"")

### Here we will train our model with a simple sequence

We will start by training our model with a simple sequence and repettitive sequence such as `""abcdefghijklmnopqrstuvwxyzabcdef...""`, and we will see if our RNN is capable of learning that pattern or not. This will help you easily verify if your RNN is working correctly or not.
# This is Cell #4

sequence = ""abcdefghijklmnopqrstuvwxyz"" * 100
## Create Character Mappings

Creating character mappings is essential because RNNs require numerical input to process data. By mapping each unique character to an index and creating a reverse mapping, we convert text data into numerical sequences that the model can understand. This step allows us to encode input text for training and decode the model's output back into readable characters during text generation.


# This is Cell #5

#TODO: Create a list of unique characters from the text sequence
vocab = 

#TODO: Create two dictionaries for character-index mappings that map each character in vocab to a unique index and vice versa
char_to_idx = 
idx_to_char = 

#TODO: Convert the entire text based data into numerical data
data = 

## Defining the CharDataset Class

Now we will create a custom dataset class to ","This notebook serves as a structured guide to building a character-level text autocomplete model using RNNs in PyTorch. It walks you through the entire process, from data handling and preprocessing to model training, evaluation, and text generation. Below is a section-wise summary of what each cell is intended to achieve.

### Summary of Each Cell

1. **Importing Necessary Libraries**: Essential libraries like PyTorch, NumPy, and others are imported for building the model.
  
2. **Setting Up the Device**: Checks if a GPU is available and sets the device for computation accordingly.

3. **Reading and Preprocessing the Data**: Defines a function to read the text file and preprocess it by converting to lowercase and removing unwanted characters.

4. **Creating a Simple Sequence**: Initializes a simple repetitive character sequence to train the RNN initially and verify its functionality.

5. **Create Character Mappings**: 
   - Creates a list of unique characters from the sequence.
   - Defines mappings from characters to indices and vice versa, and converts the text data into numerical format.

6. **Defining the CharDataset Class**: Implements a custom dataset class that generates training sequences and targets based on a specified sequence length and stride.

7. **Setting Hyperparameters**: Defines key hyperparameters for the model training, including sequence length, learning rate, embedding dimension, and others, with explanations of their roles.

8. **Splitting Data into Training and Testing Sets**: Converts the data into a PyTorch tensor and splits it into training and testing datasets.

9. **Creating Data Loaders**: Sets up data loaders for batching the training and testing data, with shuffling enabled for training data.

10. **Defining the RNN Model**: Implements the `CharRNN` model class, including an embedding layer, RNN layer, and a fully connected layer for character predictions.

11. **Initializing the Model, Loss Function, and Optimizer**: 
    - Initializes the model.
    - Defines the loss function (cross-entropy).
    - Sets up the optimizer for training.

12. **Training the Model**: Loops through epochs and batches to train the RNN, calculating loss and accuracy after each epoch.

13. **Check your loss**: Verifies the training loss after training on a simple sequence to ensure the model is working correctly.

14. **Read the `warandpeace.txt` file**: Re-reads and preprocesses the more complex text file for training.

15. **Model Evaluation**: ","Complete the following based on the prior cells:

## Create Character Mappings

Creating character mappings is essential because RNNs require numerical input to process data. By mapping each unique character to an index and creating a reverse mapping, we convert text data into numerical sequences that the model can understand. This step allows us to encode input text for training and decode the model's output back into readable characters during text generation.


# This is Cell #5

#TODO: Create a list of unique characters from the text sequence
vocab = 

#TODO: Create two dictionaries for character-index mappings that map each character in vocab to a unique index and vice versa
char_to_idx = 
idx_to_char = 

#TODO: Convert the entire text based data into numerical data
data = 

",productive,dependency,直接要求按前文完成,dependency,直接要求补全内容,dependency,两位标注者一致，直接采纳。
56,a1,1,5,array of cstrings in c++,"In C++, a C-style string is represented as an array of characters, terminated by a null character (`'\0'`). To create an array of C-strings, you can declare an array of character arrays. Here’s how to do it:

### Example: Array of CStrings

```cpp
#include <iostream>

int main() {
    // Declare an array of C-style strings (character arrays)
    const int SIZE = 3;  // Number of C-strings
    const int MAX_LENGTH = 20; // Maximum length of each string
    char fruits[SIZE][MAX_LENGTH] = {
        ""Apple"",
        ""Banana"",
        ""Cherry""
    };

    // Print the C-strings
    for (int i = 0; i < SIZE; ++i) {
        std::cout << fruits[i] << std::endl;
    }

    return 0;
}
```

### Explanation

1. **Declaration**: 
   - `char fruits[SIZE][MAX_LENGTH]` declares an array that can hold `SIZE` C-strings, each with a maximum length of `MAX_LENGTH - 1` (to account for the null terminator).
  
2. **Initialization**:
   - You can initialize the C-strings at the time of declaration using an initializer list.

3. **Accessing Elements**:
   - You can access and print each C-string using a loop, just like with a standard array.

### Modifying C-Strings

To modify or assign values to a specific entry in the array of C-strings after declaration:

```cpp
#include <iostream>
#include <cstring> // For strcpy

int main() {
    const int SIZE = 3;
    const int MAX_LENGTH = 20;
    char fruits[SIZE][MAX_LENGTH];

    // Assign values using strcpy
    strcpy(fruits[0], ""Apple"");
    strcpy(fruits[1], ""Banana"");
    strcpy(fruits[2], ""Cherry"");

    // Print the C-strings
    for (int i = 0; i < SIZE; ++i) {
        std::cout << fruits[i] << std::endl;
    }

    return 0;
}
```

### Key Points
- **Null Termination**: Each C-style string must be null-terminated.
- **Character Arrays**: You declare C-strings as arrays of characters.
- **Safety**: Be cautious with string lengths to avoid buffer overflows. It's easier to manage strings using `std::string` in C++, but using C-strings can be useful for compatibility with C libraries or specific low-level operations.

### Compile and Run
You can compile the above code similarly as before:

```bash
g++ your_program.cpp -o your_program
./your_program
```

Replace `your_program.cpp` with your filename.",strcpy syntax,dependency,productive,具体追问strcpy语法,dependency,跳到无关新问题,productive,“strcpy syntax”是对前面 C 字符串内容的具体追问，虽然短，但问题明确且相关。
57,a3,11,20,how to remove outliers from the data based on its standard deviation,"Removing outliers based on standard deviation is a common practice in data analysis. Outliers can significantly affect the results of statistical analyses and machine learning models. A common method to identify outliers is using the Z-score, which measures how many standard deviations a data point is from the mean. 

Here's a step-by-step guide on how to remove outliers using standard deviation in pandas:

### Step-by-Step Process

1. **Import Libraries**: Ensure you have pandas and numpy imported.

```python
import pandas as pd
import numpy as np
```

2. **Create or Load Your DataFrame**: You can use an existing DataFrame or create one with sample data.

```python
# Sample DataFrame
data = {
    'Value': [10, 12, 12, 13, 12, 14, 15, 110, 12, 13, 11, 15, 100]
}
df = pd.DataFrame(data)
print(""Original DataFrame:\n"", df)
```

3. **Calculate the Mean and Standard Deviation**: Compute the mean and standard deviation of the target column.

```python
# Calculate mean and standard deviation
mean = df['Value'].mean()
std_dev = df['Value'].std()
```

4. **Define the Z-score Threshold**: Determine a threshold to classify outliers. Common practice is to use a threshold of `3` for the Z-score.

```python
# Define the threshold for identifying outliers
threshold = 3
```

5. **Identify Outliers**: Calculate the Z-score for each data point.

```python
# Calculate Z-scores
df['Z-Score'] = (df['Value'] - mean) / std_dev
print(""\nDataFrame with Z-scores:\n"", df)
```

6. **Filter Out Outliers**: Use a condition to keep only the data points within the specified threshold.

```python
# Filter out outliers
df_no_outliers = df[(df['Z-Score'] <= threshold) & (df['Z-Score'] >= -threshold)]
df_no_outliers = df_no_outliers.drop(columns=['Z-Score'])  # Optionally drop the Z-score column

print(""\nDataFrame without outliers:\n"", df_no_outliers)
```

### Complete Example Code

Here's the full code encapsulating all the steps:

```python
import pandas as pd
import numpy as np

# Sample DataFrame
data = {
    'Value': [10, 12, 12, 13, 12, 14, 15, 110, 12, 13, 11, 15, 100]
}
df = pd.DataFrame(data)
print(""Original DataFrame:\n"", df)

# Calculate mean and standard deviation
mean = df['Value'].mean()
std_dev = df['Value'].std()

# Define the threshold for identifying outliers
threshold = 3

# Calculate Z-scores
df['Z-Score'] = (df['Value'] - mean) / std_dev
print(""\nDataFrame with Z-scores:\n"", df)

# Filter out outliers
df_no_outliers = df[(df['Z-Score'] <= threshold) & (df['Z-Score'] >= ",mlm,dependency,ambiguous,信息过短难判断,ambiguous,内容过短意图不明,ambiguous,两位标注者一致，直接采纳。
58,a7,12,14,what about the test part?,"To implement the testing part of your character-level RNN model after training, you will want to evaluate how well your model performs on unseen data. This generally involves calculating the loss on the test dataset and possibly determining accuracy if you want to quantify how many characters are predicted correctly.

Here’s how to set up the testing loop after the training loop. I'll provide a detailed implementation that evaluates the model's performance on the `test_data` you have created.

### Testing Loop Implementation

1. **Prepare the DataLoader for Test Data**: First, create a new `CharDataset` and `DataLoader` for the test data. 

2. **Evaluate the Model**: Loop through the test data, make predictions, and compute the loss without updating the model parameters (no gradient computation).

3. **Calculate Total Loss**: Accumulate the loss across all batches for reporting at the end of testing.

Here’s how to implement this:

```python
# Prepare the test dataset and dataloader
test_dataset = CharDataset(test_data, sequence_length, stride, output_size)
test_loader = DataLoader(test_dataset, batch_size=batch_size, shuffle=False, drop_last=True)

# Test the model
model.eval()  # Set the model to evaluation mode
total_test_loss = 0

with torch.no_grad():  # Disable gradient calculation for testing
    for batch_inputs, batch_targets in tqdm(test_loader, desc=""Testing""):
        batch_inputs, batch_targets = batch_inputs.to(device), batch_targets.to(device)

        output, hidden = model(batch_inputs, hidden)
        
        # Compute loss
        loss = criterion(output.view(-1, output_size), batch_targets.view(-1))
        total_test_loss += loss.item()  # Accumulate loss

# Calculate average test loss
average_test_loss = total_test_loss / len(test_loader)
print(f""Test Loss: {average_test_loss:.4f}"")

# Optionally, you could also compute accuracy
correct_predictions = 0
total_predictions = 0

with torch.no_grad():
    for batch_inputs, batch_targets in test_loader:
        batch_inputs, batch_targets = batch_inputs.to(device), batch_targets.to(device)
        
        output, hidden = model(batch_inputs, hidden)
        
        # Get the predicted character indices 
        _, predicted_indices = torch.max(output.view(-1, output_size), dim=1)
        
        # Update correct predictions
        correct_predictions += (predicted_indices == batch_targets.view(-1)).sum().item()
        total_predictions += batch_targets.numel()

# Calculate and print t","no specifically this part ofo the program # Test the model
# TODO: Implement a test loop to evaluate the model on the test set",ambiguous,productive,澄清想问测试循环那段,productive,缩小到具体代码段,productive,两位标注者一致，直接采纳。
59,a6,1,10,"Does this code work def create_frequency_tables(document, n):
    """"""
    This function constructs a list of `n` frequency tables for an n-gram model, each table capturing character frequencies with increasing conditional dependencies.

    - **Parameters**:
        - `document`: The text document used to train the model.
        - `n`: The number of value of `n` for the n-gram model.

    - **Returns**:
        - Returns a list of n frequency tables.
    """"""
    tables = [defaultdict(Counter) for _ in range(n)]
    
    for i in range(len(document)):
        for j in range(1, n + 1):
            if i + j < len(document):
                prefix = document[i:i+j]
                next_char = document[i + j]
                tables[j - 1][prefix][next_char] += 1

    return tables
","The provided code snippet contains a reasonable structure for creating frequency tables using n-grams, but there's a small issue in its implementation that could lead to incorrect behavior. Let’s walk through it and make necessary corrections while explaining each part.

### Issues in the Provided Code

1. **Use of `defaultdict(Counter)`**: You're using a `defaultdict` of `Counter`, which is suitable if you want to count occurrences of the next character based on a prefix. However, you should ensure that you have imported `Counter` from the `collections` module.
   
2. **Index Out-of-Bounds Condition**: The condition `if i + j < len(document)` is incorrect. Since Python is 0-indexed, you should use `if i + j < len(document) + 1` to prevent accessing an index outside of the bounds of the string.

3. **Final Structure**: The return structure will return frequency tables of the next characters based on prefixes, but if someone expects simple counts of n-grams themselves (without following characters), the interpretation might differ.

Here is a corrected version of your function:

```python
from collections import defaultdict, Counter

def create_frequency_tables(document, n):
    """"""
    This function constructs a list of `n` frequency tables for an n-gram model, 
    each table capturing character frequencies with increasing conditional dependencies.

    - **Parameters**:
        - `document`: The text document used to train the model.
        - `n`: The number of value of `n` for the n-gram model.

    - **Returns**:
        - Returns a list of n frequency tables.
    """"""
    # Create a list of defaultdicts of Counters for each n value
    tables = [defaultdict(Counter) for _ in range(n)]
    
    # Build the frequency tables
    for i in range(len(document)):
        for j in range(1, n + 1):
            if i + j < len(document) + 1:  # Ensure we don't go out of bounds
                prefix = document[i:i+j]   # Get the n-gram prefix
                if i + j < len(document):   # Check if there's a next character
                    next_char = document[i + j]  # The character following the n-gram
                    tables[j - 1][prefix][next_char] += 1  # Increment the count

    return tables

# Example usage
document = ""hello world""
n = 3
tables = create_frequency_tables(document, n)

for index, table in enumerate(tables):
    print(f""Frequency Table for n-grams of length {index + 1}:"")
    for prefix, counts in table.items():
        print(f""{prefix","What about this one     
def calculate_probability(sequence, char, tables):
    """"""
    Calculates the probability of observing a given sequence of characters using the frequency tables.

    - **Parameters**:
        - `sequence`: The sequence of characters whose probability we want to compute.
        - `tables`: The list of frequency tables created by `create_frequency_tables()`, this will be of size `n`.
        - `char`: The character whose probability of occurrence after the sequence is to be calculated.

    - **Returns**:
        - Returns a probability value for the sequence",productive,productive,继续拿自己的函数求检视,productive,贴新函数继续问,productive,两位标注者一致，直接采纳。
60,a5,5,14,"DataConversionWarning: A column-vector y was passed when a 1d array was expected. Please change the shape of y to (n_samples, ), for example using ravel().
  y = column_or_1d(y, warn=True)","The `DataConversionWarning` you are encountering indicates that scikit-learn was expecting a one-dimensional array for the target variable \( y \), but instead, it received a column vector (which is two-dimensional). This typically happens when the variable is still in a DataFrame format with one column, resulting in a shape of \( (n\_samples, 1) \) instead of the desired shape of \( (n\_samples,) \).

### How to Fix the Warning

To resolve this, you need to convert your target variable \( y \) to the correct shape. There are several ways to achieve this:

#### 1. Using `.values.ravel()`

If you're extracting \( y \) from a pandas DataFrame, you can use `.values` followed by `.ravel()`:

```python
import pandas as pd
from sklearn.model_selection import train_test_split
from sklearn.ensemble import RandomForestClassifier

# Sample DataFrame
df = pd.DataFrame({
    'feature1': [1, 2, 3, 4],
    'feature2': [10, 20, 30, 40],
    'target': [[0], [1], [0], [1]]  # Column vector (2D)
})

# Features
X = df[['feature1', 'feature2']]

# Correctly reshape the target variable
y = df['target'].values.ravel()  # Use ravel() to flatten it

# Splitting the data
X_train, X_test, y_train, y_test = train_test_split(X, y, test_size=0.2, random_state=42)

# Training the model
model = RandomForestClassifier()
model.fit(X_train, y_train)
```

#### 2. Using `.values.flatten()`

Another approach is to use `.flatten()` which also converts the column vector to a one-dimensional array:

```python
y = df['target'].values.flatten()
```

#### 3. Using `.to_numpy()` and `.ravel()`

The latest versions of pandas encourage using `.to_numpy()` instead of `.values`, so you can also do:

```python
y = df['target'].to_numpy().ravel()
```

This achieves the same result while adhering to the best practices of using the API.

### Example

Here’s a complete example of reshaping your target variable to remove the warning:

```python
import pandas as pd
from sklearn.model_selection import train_test_split
from sklearn.ensemble import RandomForestClassifier

# Create a sample DataFrame
df = pd.DataFrame({
    'feature1': [1, 2, 3, 4],
    'feature2': [10, 20, 30, 40],
    'target': [[0], [1], [0], [1]]  # This should be flattened
})

# Extracting features
X = df[['feature1', 'feature2']]

# Flatten the target variable (Column vector to 1d array)
y = df['target'].values.ravel()  # Change this line to flatten y

# Splitting the dataset
X_train, X_test, y_train, y_test = train_test_split(X, y, test_siz",sklearn predict_prob cs predict_proba,dependency,ambiguous,短语含糊意图不足,dependency,跳到相关但新问题,ambiguous,短语含混且有拼写问题，意图可能是问 predict_prob/predict_proba 区别，也可能只是关键词，信息不足。
61,a7,18,54,what is torch.max,"`torch.max` is a function in the PyTorch library that can perform several operations to find the maximum value in a tensor. Depending on how it is used, it can return either the maximum value or the maximum value along a specific dimension of the tensor, and it can also return the indices of the maximum values.

### Common Usages of `torch.max`

1. **Finding the Maximum Value in a Tensor**:
   - When called with a single tensor as an argument, `torch.max` returns the maximum value in that tensor.

   ```python
   import torch

   tensor = torch.tensor([1, 3, 2, 5, 4])
   max_value = torch.max(tensor)  # Returns 5
   print(max_value)  # Output: tensor(5)
   ```

2. **Finding Maximum Values Along a Specific Dimension**:
   - When called with a tensor and a dimension (or axis) argument, `torch.max` returns the maximum values along that dimension and can also return the indices of those maximum values.

   ```python
   tensor_2d = torch.tensor([[1, 2, 3], 
                              [4, 5, 6], 
                              [7, 8, 9]])

   max_values, max_indices = torch.max(tensor_2d, dim=0)  # Find max along rows (i.e., for each column)
   print(max_values)   # Output: tensor([7, 8, 9])
   print(max_indices)  # Output: tensor([2, 2, 2]) - indices of the max values in each column
   ```

3. **Finding Maximum Values in a 1D Tensor**:
   - When dealing with 1-dimensional tensors, you can also use it to obtain max values and their indices similarly.

   ```python
   tensor_1d = torch.tensor([1, 5, 3, 7, 2])
   max_value = torch.max(tensor_1d)          # Returns tensor(7)
   max_index = torch.max(tensor_1d, dim=0)   # Returns (tensor(7), tensor(3))
   print(max_value)  # Output: tensor(7)
   print(max_index)  # Output: (tensor(7), tensor(3))
   ```

### Summary of Arguments

- **`input`**: The input tensor for which the maximum is to be computed.
- **`dim`** (optional): The dimension to reduce; if not provided, the maximum of all elements is returned.
- **`keepdim`** (optional): If set to `True`, the output tensor retains the dimension specified in `dim` with size 1, making it easier to broadcast the result back to the original tensor shape.

### Example Use Cases

1. **For Classification**: 
   When producing output from a neural network layer (like the last layer in a classification task), you might want to find the index of the class with the highest score:

   ```python
   output = model(input_data)  # Some output logits from a model
   _, predicted_class ","torch.max(output, dim=2)",dependency,productive,给出具体torch.max用法,productive,聚焦具体API用法,productive,两位标注者一致，直接采纳。
62,a3,1,2,"                age		-	age	
			bp		-	blood pressure
			sg		-	specific gravity
			al		-   	albumin
			su		-	sugar
			rbc		-	red blood cells
			pc		-	pus cell
			pcc		-	pus cell clumps
			ba		-	bacteria
			bgr		-	blood glucose random
			bu		-	blood urea
			sc		-	serum creatinine
			sod		-	sodium
			pot		-	potassium
			hemo		-	hemoglobin
			pcv		-	packed cell volume
			wc		-	white blood cell count
			rc		-	red blood cell count
			htn		-	hypertension
			dm		-	diabetes mellitus
			cad		-	coronary artery disease
			appet		-	appetite
			pe		-	pedal edema
			ane		-	anemia
			class		-	class	


provide me with a pandas script to apply this renaming to all the columns of your dataset","Certainly! You can use the `pandas` library in Python to rename the columns of your dataset based on the provided mapping. Below is a script that creates a dictionary for the renaming and applies it to the DataFrame:

```python
import pandas as pd

# Sample data creation (for illustration, replace this with your actual data loading step)
data = {
    'age': [0.783784, 0.472973, 0.486486],
    'bp': [0.00, 0.50, 0.25],
    'sg': [1.020, 1.015, 1.010],  # Additional columns can be added as necessary
    'al': [0, 1, 0],
    # Add all other columns here...
    'class': [0, 1, 0]  # Example class column
}

# Create DataFrame
df = pd.DataFrame(data)

# Define the renaming dictionary
rename_dict = {
    'age': 'age',
    'bp': 'blood pressure',
    'sg': 'specific gravity',
    'al': 'albumin',
    'su': 'sugar',
    'rbc': 'red blood cells',
    'pc': 'pus cell',
    'pcc': 'pus cell clumps',
    'ba': 'bacteria',
    'bgr': 'blood glucose random',
    'bu': 'blood urea',
    'sc': 'serum creatinine',
    'sod': 'sodium',
    'pot': 'potassium',
    'hemo': 'hemoglobin',
    'pcv': 'packed cell volume',
    'wc': 'white blood cell count',
    'rc': 'red blood cell count',
    'htn': 'hypertension',
    'dm': 'diabetes mellitus',
    'cad': 'coronary artery disease',
    'appet': 'appetite',
    'pe': 'pedal edema',
    'ane': 'anemia',
    'class': 'class'
}

# Rename the columns
df.rename(columns=rename_dict, inplace=True)

# Display the renamed DataFrame
print(df)
```

### Explanation:
1. **Importing Libraries**: The script begins by importing the `pandas` library.
2. **Creating the DataFrame**: For the sake of demonstration, example data is created. Replace this part with your actual data loading step (e.g., `pd.read_csv()`).
3. **Defining the Rename Dictionary**: A dictionary is defined where the keys are the original column names and the values are the new names you want to assign.
4. **Renaming the Columns**: The `rename()` method is used to rename the columns of the DataFrame, with `inplace=True` ensuring changes are applied directly to `df`.
5. **Displaying the Result**: Finally, the renamed DataFrame is printed.

Make sure the actual dataset you are working with holds columns as described in the rename dictionary for it to work correctly.","**SQL Query**
sql
SELECT Target, COUNT(*) AS count
FROM your_table_name
GROUP BY Target;

convert this to a pandas query",ambiguous,dependency,直接索要pandas转换,dependency,跳到无关SQL任务,dependency,两位标注者一致，直接采纳。
63,a2,6,8,"If the costs for an edge are based on the frequency of that prefix, how should I do that?","If the costs for edges in your autocomplete tree depend on the frequency of the characters following a given prefix, you’ll need to modify your `build_tree` logic to calculate and store these frequency-based costs effectively. This method involves the following steps:

1. **Calculate Frequencies:** Before building the tree, you need to analyze the provided document to determine the frequency of each character transition (i.e., the likelihood of one character followed by another). This will require preprocessing the document.

2. **Define Costs Based on Frequency:** The transition cost can be derived from the frequency of the following character. One common approach is to use the inverse frequency, meaning that more frequent character sequences result in lower costs.

3. **Modify the Tree Build Implementation:** As you build the tree, you associate these calculated costs with each edge.

### Step-by-Step Implementation

Here’s how you can achieve this:

### Step 1: Preprocess the Document for Frequencies

You'll create a function that analyzes the text document and builds a frequency dictionary for character transitions. 

```python
from collections import defaultdict

def calculate_transition_frequencies(document):
    frequencies = defaultdict(lambda: defaultdict(int))
    words = document.split()
    
    for word in words:
        for i in range(len(word) - 1):
            current_char = word[i]
            next_char = word[i + 1]
            frequencies[current_char][next_char] += 1
    
    return frequencies
```

### Step 2: Define Costs Based on Frequencies

Convert the frequency dictionary into costs. One way to represent cost might be to use the inverse of the frequency:

```python
def calculate_transition_costs(frequencies):
    costs = {}
    for current_char, next_chars in frequencies.items():
        total = sum(next_chars.values())  # Total transitions from current_char
        for next_char, count in next_chars.items():
            costs[(current_char, next_char)] = 1 / (count / total)  # Inverse frequency cost
    return costs
```

### Step 3: Modify the Build Tree Method

In your `Autocomplete` class, include methods to compute frequencies and costs before building the tree:

```python
class Node:
    def __init__(self):
        self.children = {}
        self.is_end_of_word = False  # To indicate whether it's the end of a valid word.

class Autocomplete:
    def __init__(self, document=""""):
        self.root = Node()
        if document:
",can you explain each of the methods in autocomplete in 1-3 sentences?,ambiguous,productive,请求解释各方法作用,productive,聚焦方法功能理解,productive,两位标注者一致，直接采纳。
64,a4,0,1,what does an r^2 score say about a linear regression model ,"The \( R^2 \) score, or coefficient of determination, is a statistical measure that indicates how well the independent variables in a linear regression model explain the variability of the dependent variable. Here are some key points about what the \( R^2 \) score represents:

1. **Interpretation of the Score**:
   - The \( R^2 \) value ranges from 0 to 1.
   - An \( R^2 \) of 1 indicates that the model explains 100% of the variability in the dependent variable, meaning the predictions perfectly match the actual data.
   - An \( R^2 \) of 0 indicates that the model explains none of the variability in the dependent variable. In this case, the model is as good as simply using the mean of the dependent variable for predictions.
   - A higher \( R^2 \) value generally indicates a better fit of the model to the data.

2. **Limitations**:
   - \( R^2 \) alone cannot determine whether the model is appropriate or if it is the best model for the data. It can be artificially increased by adding more predictors to the model, even if they are not meaningful. Thus, adjusted R² is often used to account for the number of predictors.
   - A low \( R^2 \) doesn’t necessarily mean the model is bad. In fields where data is inherently noisy, a lower \( R^2 \) can still produce valuable insights.

3. **Context-Dependent**:
   - The interpretation of \( R^2 \) can vary by context. For instance, in some disciplines such as social sciences, a \( R^2 \) value of 0.3 might be considered quite good, while in others, like physical sciences, a value of 0.9 might be expected.

In summary, the \( R^2 \) score is a useful metric to gauge the explanatory power of a linear regression model, but it should be used alongside other statistics and diagnostic tools to evaluate model performance comprehensively.",what does it mean to explain variability of the dependent variable,productive,productive,追问R²含义细节,productive,继续追问统计含义,productive,两位标注者一致，直接采纳。
65,a5,6,8,how to get probability of prediction with svc,"In `scikit-learn`, the Support Vector Classifier (SVC) can provide probability estimates for predictions through the `predict_proba` method. However, you need to ensure that the `probability` parameter is set to `True` when creating the SVC model. 

### Steps to Get Prediction Probabilities with SVC

1. **Import Required Libraries**
2. **Load and Prepare Your Data**
3. **Initialize and Fit the SVC with Probability Estimates**
4. **Use `predict_proba` to Get Probabilities**
5. **Interpret the Results**

### Example Code

Here’s a complete example demonstrating how to get the probabilities for predictions using an `SVC` model:

```python
import numpy as np
import pandas as pd
from sklearn.model_selection import train_test_split
from sklearn.svm import SVC
from sklearn.metrics import accuracy_score, classification_report

# Step 1: Load example data (replace this with your own data)
data = pd.DataFrame({
    'feature1': [2.5, 3.6, 1.2, 1.8, 2.7, 3.1],
    'feature2': [1.5, 1.8, 2.7, 2.5, 1.2, 1.9],
    'target': [0, 1, 0, 0, 1, 1]
})

# Step 2: Prepare the data
X = data[['feature1', 'feature2']]
y = data['target']

# Step 3: Split the dataset
X_train, X_test, y_train, y_test = train_test_split(X, y, test_size=0.2, random_state=42)

# Step 4: Initialize the SVC with probability=True
model = SVC(kernel='linear', probability=True)

# Step 5: Fit the model
model.fit(X_train, y_train)

# Step 6: Make predictions
y_pred = model.predict(X_test)

# Step 7: Get prediction probabilities
y_prob = model.predict_proba(X_test)

# Output
for i in range(len(y_pred)):
    print(f'Predicted Class: {y_pred[i]}, Probabilities: {y_prob[i]}')

# Optional: Evaluate the model
accuracy = accuracy_score(y_test, y_pred)
print(f'Accuracy: {accuracy:.2f}')
print(""Classification Report:\n"", classification_report(y_test, y_pred))
```

### Breakdown of Key Steps

1. **Fitting the Model with Probability Estimates**: 
   By setting `probability=True` in the `SVC` constructor, you allow the model to compute probabilities. However, this setting can make the fitting process slower since it requires cross-validation to calibrate the probabilities.

2. **Using `predict_proba`**:
   After fitting the model, you can use the `predict_proba` method to get the probabilities for each class. This method returns an array where each row corresponds to a sample and each column corresponds to a class.

3. **Interpreting Output**:
   The output probabilities tell you the likelihood of each sample belonging to",mlp classifier/neural network sklearn,dependency,dependency,无关切到新模型概念,dependency,跳到新模型问题,dependency,两位标注者一致，直接采纳。
66,a5,25,26,What is the difference between the methods 'score' and 'accuracy_score',"The `score` method and the `accuracy_score` function in `scikit-learn` are both used to evaluate the performance of a model in terms of accuracy, but there are key differences in their usage, purpose, and implementation:

### 1. **Method vs. Function**:
- **`score` Method**:
  - The `score` method is a built-in method of many scikit-learn estimator classes (e.g., classifiers and regressors).
  - It computes the accuracy on the given data and labels directly from the trained model instance.
  - Usage example: `model.score(X_test, y_test)` where `model` is a trained estimator.

- **`accuracy_score` Function**:
  - The `accuracy_score` function is a standalone function from the `sklearn.metrics` module.
  - It requires two parameters: the true labels and the predicted labels. It computes the accuracy based on these inputs.
  - Usage example: `accuracy_score(y_test, y_pred)` where `y_pred` are the predictions made by the model.

### 2. **Inputs**:
- **`score` Method**:
  - Takes the data (`X`) and true labels (`y`) as inputs and calculates accuracy directly based on its internal predictions.
  
- **`accuracy_score` Function**:
  - Requires two separate inputs: the true labels and the predicted labels from any model.
  - This allows for greater flexibility as you can generate predictions with any method or algorithm and then apply `accuracy_score`.

### 3. **Return Value**:
- Both return the same type of value (accuracy as a floating-point number between 0 and 1), but they do so in different contexts as outlined above.

### 4. **Use Cases**:
- **`score` Method**:
  - Convenient for quickly evaluating a model's performance without needing to explicitly generate predictions.
  - Suitable for basic model evaluation directly after fitting.
  
- **`accuracy_score` Function**:
  - Useful when you need the predicted labels for further analysis, as it allows for separate handling of prediction and evaluation.
  - Can be used when you want to evaluate a model that has been trained externally.

### Summary:
In essence, the `score` method provides a quick way to assess the accuracy of a model directly, while `accuracy_score` offers more flexibility by allowing predictions to be calculated separately. Both ultimately give you the same measure of accuracy but in different contexts and with different input requirements.","complete: After running a few experiments with the MLP model, it seems like the most important parameter is ""hidden_layer_sizes"" because the configuration that turned out to be the most successful had a high ""hidden_layer_sizes"", and succeeded to an extent even though I had set the ""max_iter"" to a very low value of 1. On the other hand, the model with a very high ""max_iter"" and a very low ""hidden_layer_sizes"", wasn't as successful. This makes sense because ",productive,productive,补写自己的实验解释,dependency,让模型续写总结,dependency,让助手续写实验总结段落，核心工作是代写文字而非学生自己进行解释。
67,a1,4,6,You too!,"Thank you! Take care, and feel free to reach out anytime you want to chat. Have a great day!",YOU AS WELL,dependency,dependency,纯客套回应,dependency,纯客套回复,dependency,两位标注者一致，直接采纳。
68,a5,8,19,what does this mean: from sklearn.preprocessing import LabelEncoder,"The line `from sklearn.preprocessing import LabelEncoder` is an import statement that allows you to use the `LabelEncoder` class from the `sklearn.preprocessing` module of the Scikit-Learn library. Here's what this means in detail:

### Breakdown of the Statement

1. **`from sklearn.preprocessing`**: This part specifies the module (sub-package) within Scikit-Learn from which you want to import a specific class or function. The `preprocessing` module contains a number of classes and functions for scaling, transforming, and encoding data.

2. **`import LabelEncoder`**: Here, you are importing the specific `LabelEncoder` class, which is used for encoding categorical labels into a format that can be provided to machine learning algorithms.

### Purpose of `LabelEncoder`

- **Encoding Categorical Variables**: The `LabelEncoder` is primarily used to convert categorical labels (often strings) into numeric form. Many machine learning algorithms in Scikit-Learn require the target variable (labels) to be numeric.
  
- **How It Works**: 
  - When you fit a `LabelEncoder` to your label data (e.g., species names like 'Iris-setosa', 'Iris-versicolor', and 'Iris-virginica'), it will convert each unique category into an integer. 
  - For instance, it might convert:
    - 'Iris-setosa' to 0
    - 'Iris-versicolor' to 1
    - 'Iris-virginica' to 2
  - The transformation is done consistently, meaning if you have the same labels in your dataset, they will always be encoded to the same integers.

### Example of Using `LabelEncoder`

Here’s a simple example of how to use `LabelEncoder`:

```python
from sklearn.preprocessing import LabelEncoder

# Example categorical labels
labels = ['Iris-setosa', 'Iris-versicolor', 'Iris-virginica', 'Iris-setosa']

# Create an instance of LabelEncoder
label_encoder = LabelEncoder()

# Fit and transform the labels
encoded_labels = label_encoder.fit_transform(labels)

# Output
print(f'Original Labels: {labels}')
print(f'Encoded Labels: {encoded_labels}')
```

### Output of the Example
The output would display the original labels and the corresponding encoded numeric labels:
```
Original Labels: ['Iris-setosa', 'Iris-versicolor', 'Iris-virginica', 'Iris-setosa']
Encoded Labels: [0 1 2 0]
```

### Considerations
- **Inverse Transform**: You can also convert the encoded labels back to the original labels using the `inverse_transform` method of the `LabelEncoder`.
- **Ordering**: It’s important to note that `LabelEncoder` does not impose any ordinal","For a sample datapoint, predict the probabilities for each possible class",ambiguous,ambiguous,只贴任务句子,dependency,只贴题目让做,dependency,只粘贴题目句子“预测每个类别的概率”，没有提供自己的尝试或具体卡点。
69,a4,7,18,what does cross_val_score return?,"The `cross_val_score` function in scikit-learn returns an array of scores that represent the evaluation of the estimator on the validation sets created during cross-validation. These scores are based on the specified `scoring` parameter, which defines the metric used to quantify the performance of the model.

### Return Value

- **Return Type**: The function returns a NumPy array of shape `(n_splits,)`, where `n_splits` is the number of folds specified in the `cv` parameter.
- **Content of the Array**: Each entry in the array corresponds to the score of the model for one fold during cross-validation. The scores are typically calculated using the selected scoring metric, such as accuracy for classification tasks or R² for regression tasks.

### Example of Using `cross_val_score`

Here’s a brief example demonstrating how to use `cross_val_score` and examine its return value:

```python
from sklearn.datasets import load_iris
from sklearn.model_selection import cross_val_score
from sklearn.ensemble import RandomForestClassifier

# Load dataset
data = load_iris()
X = data.data
y = data.target

# Create a model
model = RandomForestClassifier()

# Perform cross-validation
scores = cross_val_score(model, X, y, cv=5, scoring='accuracy')

# Output results
print(""Cross-validation scores:"", scores)
print(""Mean accuracy:"", scores.mean())
```

### In This Example:

1. **Input**: 
   - The `cross_val_score` function receives a model (`RandomForestClassifier`), feature data (`X`), target labels (`y`), number of folds (`cv=5`), and the scoring metric (`scoring='accuracy'`).
   
2. **Output**: 
   - The variable `scores` will contain an array of accuracy scores for each of the 5 folds. For example:
     ```
     Cross-validation scores: [0.9, 0.95, 0.85, 0.9, 0.8]
     Mean accuracy: 0.88
     ```

### Understanding the Return Values

- **Individual Scores**: Each score in the returned array represents the performance of the model on a different fold. This allows you to assess how consistent and reliable the model's performance is across different subsets of the data.
  
- **Mean Score**: Although `cross_val_score` does not compute the mean score internally, you can take the mean of the returned scores using `scores.mean()` to summarize the performance across all folds.

### Summary

In summary, `cross_val_score` returns an array of scores that reflect the performance of a model across different folds of cross-validation. These scores provide useful insights into the model'",PolynomialFeatures sklearn polynomial regression,dependency,dependency,无解释切到新主题,dependency,跳到新概念问题,dependency,两位标注者一致，直接采纳。
70,a4,26,30,"NameError                                 Traceback (most recent call last)
Cell In[5], <a href='vscode-notebook-cell:?execution_count=5&line=9'>line 9</a>
      <a href='vscode-notebook-cell:?execution_count=5&line=4'>4</a> y = data['Target_ckd']
      <a href='vscode-notebook-cell:?execution_count=5&line=6'>6</a> X_train, X_test, y_train, y_test = train_test_split(X, y, test_size=0.2, random_state=42)
      <a href='vscode-notebook-cell:?execution_count=5&line=8'>8</a> models = {
----> <a href='vscode-notebook-cell:?execution_count=5&line=9'>9</a>     'Logistic Regression': LogisticRegression(max_iter=1000),
     <a href='vscode-notebook-cell:?execution_count=5&line=10'>10</a>     'Support Vector Machines': SVC(),
     <a href='vscode-notebook-cell:?execution_count=5&line=11'>11</a>     'k-Nearest Neighbors': KNeighborsClassifier(),
     <a href='vscode-notebook-cell:?execution_count=5&line=12'>12</a>     'Neural Network': MLPClassifier(max_iter=1000)
     <a href='vscode-notebook-cell:?execution_count=5&line=13'>13</a> }
     <a href='vscode-notebook-cell:?execution_count=5&line=15'>15</a> results = {}
     <a href='vscode-notebook-cell:?execution_count=5&line=17'>17</a> # 5-Fold Cross Validation

NameError: name 'LogisticRegression' is not defined","The `NameError` you're encountering indicates that the `LogisticRegression` class (and possibly other classifiers like `SVC`, `KNeighborsClassifier`, and `MLPClassifier`) has not been imported before you attempt to use them in your code. To fix this issue, you need to ensure that you import these classes from the `sklearn` library at the beginning of your script.

Here's how you can properly set up your imports:

### Full Code with Correct Imports

```python
# Import necessary libraries
import pandas as pd
import numpy as np
from sklearn.model_selection import train_test_split, cross_val_score
from sklearn.linear_model import LogisticRegression
from sklearn.svm import SVC
from sklearn.neighbors import KNeighborsClassifier
from sklearn.neural_network import MLPClassifier
from sklearn.metrics import classification_report

# 1. Load the cleaned CKD dataset
data = pd.read_csv('ckd_feature_subset.csv')  # Replace with your dataset path
print(data.head())

# 2. Preprocess the Data
# Separate features and target variable
X = data.drop('Target_ckd', axis=1)  # Assuming 'Target_ckd' is the target column
y = data['Target_ckd']

# Train-test split with a random state of 42
X_train, X_test, y_train, y_test = train_test_split(X, y, test_size=0.2, random_state=42)

# 3. Train and Evaluate Classification Models
models = {
    'Logistic Regression': LogisticRegression(max_iter=1000),
    'Support Vector Machines': SVC(),
    'k-Nearest Neighbors': KNeighborsClassifier(),
    'Neural Network': MLPClassifier(max_iter=1000)
}

results = {}

# 5-Fold Cross Validation
for model_name, model in models.items():
    cv_results = cross_val_score(model, X, y, cv=5, scoring='accuracy')
    results[model_name] = (cv_results.mean(), cv_results.std())

# 4. Report Results
results_df = pd.DataFrame(results, index=['Mean Accuracy', 'Standard Deviation']).T
print(results_df)

# 6. Summary of Findings
for model_name, (mean_accuracy, std_dev) in results.items():
    print(f""{model_name} - Mean Accuracy: {mean_accuracy:.4f}, Standard Deviation: {std_dev:.4f}"")

# 7. Experiment with Different Neural Network Configurations
nn_configs = {
    'Config 1': MLPClassifier(hidden_layer_sizes=(10,), max_iter=1000),
    'Config 2': MLPClassifier(hidden_layer_sizes=(50,), max_iter=1000),
    'Config 3': MLPClassifier(hidden_layer_sizes=(100,), max_iter=1000)
}

nn_results = {}

for config_name, nn_model in nn_configs.items():
    nn_cv_results = cross_val_score(nn_model, X, y, cv=5, scoring='accuracy')
","I wrote this: # Load the dataset. Then train and evaluate the classification models.
data = pd.read_csv('ckd_feature_subset.csv')  # Replace with the correct path if needed
X = data.drop('Target_ckd', axis=1)  # Assuming 'classification' is the target column
y = data['Target_ckd']

X_train, X_test, y_train, y_test = train_test_split(X, y, test_size=0.2, random_state=42)

models = {
    'Logistic Regression': LogisticRegression(max_iter=1000),
    'Support Vector Machines': SVC(),
    'k-Nearest Neighbors': KNeighborsClassifier(),
    'Neural Network': MLPClassifier(max_iter=1000)
}

results = {}

# 5-Fold Cross Validation
for model_name, model in models.items():
    cv_results = cross_val_score(model, X, y, cv=5, scoring='accuracy')
    results[model_name] = (cv_results.mean(), cv_results.std())

# 4. Report Results
results_df = pd.DataFrame(results, index=['Mean Accuracy', 'Standard Deviation']).T
print(results_df)

# 6. Summary of Findings
for model_name, (mean_accuracy, std_dev) in results.items():
    print(f""{model_name} - Mean Accuracy: {mean_accuracy:.4f}, Standard Deviation: {std_dev:.4f}"")

# 7. Experiment with Different Neural Network Configurations
nn_configs = {
    'Config 1': MLPClassifier(hidden_layer_sizes=(10,), max_iter=1000),
    'Config 2': MLPClassifier(hidden_layer_sizes=(50,), max_iter=1000),
    'Config 3': MLPClassifier(hidden_layer_sizes=(100,), max_iter=1000)
}

nn_results = {}

for config_name, nn_model in nn_configs.items():
    nn_cv_results = cross_val_score(nn_model, X, y, cv=5, scoring='accuracy')
    nn_results[config_name] = (nn_cv_results.mean(), nn_cv_results.std())

# Report on Neural Network Configurations
nn_results_df = pd.DataFrame(nn_results, index=['Mean Accuracy', 'Standard Deviation']).T
print(nn_results_df)

# Summary of Neural Network Configurations
for config_name, (mean_accuracy, std_dev) in nn_results.items():
    print(f""{config_name} - Mean Accuracy: {mean_accuracy:.4f}, Standard Deviation: {std_dev:.4f}"") Help me do this: report on your results ## Results and Conclusion for Classification Experiments # Experiments with Neural Network. ## Results and Conclusion for Neural Network Experiments",productive,productive,贴出自己写的训练代码,productive,贴自己代码尝试,productive,两位标注者一致，直接采纳。
71,a1,9,10,"Exception in Tkinter callback
Traceback (most recent call last):
  File ""C:\Python312\Lib\tkinter\__init__.py"", line 1968, in __call__
    return self.func(*args)
           ^^^^^^^^^^^^^^^^
  File ""D:\School\UMass Amherst\COMPSCI 383\assignment-2-search-complete-<redacted>\utilities.py"", line 28, in <lambda>
    entry.bind(""<KeyRelease>"", lambda event: suggest_in_gui(event, entry, listbox, autocomplete_engine))
                                             ^^^^^^^^^^^^^^^^^^^^^^^^^^^^^^^^^^^^^^^^^^^^^^^^^^^^^^^^^^
  File ""D:\School\UMass Amherst\COMPSCI 383\assignment-2-search-complete-<redacted>\utilities.py"", line 16, in suggest_in_gui
    suggestions = autocomplete_engine.suggest(prefix)
                 ^^^^^^^^^^^^^^^^^^^^^^^^^^^^^^^^^^^
  File ""D:\School\UMass Amherst\COMPSCI 383\assignment-2-search-complete-<redacted>\autocomplete.py"", line 123, in suggest_ucs
    heapq.heappush(queue, (current_cost + child_node.cost ,child_node, current_prefix + char))
TypeError: '<' not supported between instances of 'Node' and 'Node'","The `TypeError` you're encountering (`'<' not supported between instances of 'Node' and 'Node'`) occurs because the `heapq` module attempts to compare two instances of your `Node` class when managing the priority queue, but the comparison operators are not defined for your `Node` class.

### Understanding the Error

When you push a tuple onto the priority queue using `heapq.heappush(queue, (current_cost + child_node.cost, child_node, current_prefix + char))`, the first element of the tuple (`current_cost + child_node.cost`) is the priority measure. If this value is the same for multiple nodes, `heapq` will attempt to compare the other elements of the tuples in the queue.

Here’s a more detailed breakdown of how to fix this issue:

### Solutions

1. **Define a Comparison Method in the `Node` Class**: You can define the `__lt__` method in your `Node` class. This will allow `heapq` to use this method when comparing `Node` instances.

   Here’s how to do that in your `Node` class:

   ```python
   class Node:
       def __init__(self, cost):
           self.children = {}
           self.end = False
           self.cost = cost  # This can be set based on your logic

       def __lt__(self, other):
           # Define how to compare two Node instances
           # You can compare based on the cost or any other relevant attribute
           return self.cost < other.cost

       def print(self):
           for key in self.children:
               print(key)
               self.children[key].print()
   ```

2. **Use Unique Identifiers for Nodes in Your Queue**: Instead of pushing the `Node` instance to the queue directly, you can use a unique identifier instead. This could be the node index or any unique characteristic of the node.

   Modify the line in `suggest_ucs` where you push to the queue:

   ```python
   heapq.heappush(queue, (current_cost + child_node.cost, id(child_node), current_prefix + char))
   ```

   If you go this route, make sure to adjust how you handle queue items, as you will now have an identifier instead of the `Node` instance in the heap.

3. **Use a Wrapper for the Node**: Another approach is to create a wrapper class that contains both the `Node` instance and the cost. This wrapper can implement the comparison methods you need.

   Here’s an example of a wrapper class:

   ```python
   class NodeWrapper:
       def __init__(self, node, cost, prefix):
           self.node = node
           self.cost = cost
           self.prefix = prefix

","def suggest_ucs(self, prefix):
        node = self.root
        results = []

        # Traverse down the tree to find the prefix
        for char in prefix:
            if char in node.children:
                node = node.children[char]
            else:
                return results  # Prefix is not found, return empty list
            
        # Now we perform UCS from this node
        queue = [(0, node, prefix)]  # Queue of (node, current prefix)

        while queue:
            current_cost, current_node, current_prefix = heapq.heappop(queue)

            # If this node marks the end of a word, add to results
            if current_node.end:
                results.append(current_prefix)

            # Enqueue all children nodes
            for char, child_node in current_node.children.items():
                heapq.heappush(queue, (current_cost + (len(child_node.children) - child_node.cost) ,child_node, current_prefix + char))

        return results
The cost should be the inverse frequencies of that letter/char following that prefix of characters
This is how the tree is made:
def build_tree(self, document):
        for word in document.split():
            node = self.root
            word_length = len(word)
            for index, char in enumerate(word):
                if char in node.children:
                    node = node.children[char]
                else:
                    new_node = Node(0)
                    node.children[char] = new_node
                    node = new_node
                
                node.cost = node.cost + 1
                if (index == word_length - 1):
                    node.end = True",productive,productive,贴UCS实现继续修改,productive,贴实现代码继续调试,productive,两位标注者一致，直接采纳。
72,a5,0,5,"what does the following do?
sample = X_test.iloc[0:1]","The line of code `sample = X_test.iloc[0:1]` is a common operation in the pandas library in Python, which is used for data manipulation and analysis.

Here's a breakdown of what this specific line of code does:

1. **`X_test`**: This is likely a pandas DataFrame, which is a two-dimensional, size-mutable, potentially heterogeneous tabular data structure with labeled axes (rows and columns).

2. **`.iloc[]`**: This is a function used in pandas to access a group of rows and columns by integer position (i.e., by their index). The `iloc` indexer is primarily integer-location based indexing.

3. **`0:1`**: This specifies a range of rows to be selected. In Python slicing, the syntax `start:end` includes the `start` index and excludes the `end` index. Thus, `0:1` will select only the row at index 0.

4. **`sample = ...`**: This assigns the selected rows to the variable `sample`.

Putting it all together: 

- `sample = X_test.iloc[0:1]` selects the first row (row at index 0) from the `X_test` DataFrame and assigns it to the variable `sample`. The result is still a DataFrame containing that one row, rather than a Series (which would be the case if you used `iloc[0]` instead).

This operation can be useful for extracting a single sample from your dataset for inspection, testing, or making predictions.","does the following line of code do the same thing?
sample_data = X_test.iloc[0]",ambiguous,productive,比较两行代码是否等价,productive,比较两行代码差异,productive,两位标注者一致，直接采纳。
73,a4,0,6,"Generate me a markdown table that will contain 15 entries, and 35 columns. The table data will be given at your request. Refrain from hallucinations.","Sure! Please provide the data for the table, and I will create a Markdown table for you with 15 entries and 35 columns.",keep going,dependency,dependency,仅催促继续输出,dependency,只催继续输出,dependency,两位标注者一致，直接采纳。
74,a1,11,17,how to make a ASCII tree,"Creating an ASCII tree representation can be a fun and visually informative way to display hierarchical data structures like trees. Below, I’ll provide a simple approach to constructing an ASCII tree from a generic tree-like structure. This example will be applicable to n-ary trees (trees where each node can have multiple children) and binary trees (trees where each node has at most two children).

Here's a generic function to visualize a tree structure as an ASCII tree:

### Example Tree Structure

First, let's define a simple tree structure. For demonstration, I'll create a basic `TreeNode` class that can hold child nodes:

```python
class TreeNode:
    def __init__(self, value):
        self.value = value
        self.children = []

    def add_child(self, child_node):
        self.children.append(child_node)
```

### ASCII Tree Representation

Next, we need a function to print the tree in an ASCII format. The following function takes a tree node and recursively prints its children, properly formatting the output:

```python
def print_ascii_tree(node, prefix="""", is_last=True):
    if node is not None:
        print(prefix + (""└── "" if is_last else ""├── "") + str(node.value))
        prefix += ""    "" if is_last else ""│   ""
        for i, child in enumerate(node.children):
            print_ascii_tree(child, prefix, i == len(node.children) - 1)
```

### Putting It All Together

Now, let's create a simple tree and use the ASCII printing function:

```python
# Example usage
if __name__ == ""__main__"":
    root = TreeNode(""Root"")
    child1 = TreeNode(""Child 1"")
    child2 = TreeNode(""Child 2"")
    child3 = TreeNode(""Child 3"")
    
    child1.add_child(TreeNode(""Child 1.1""))
    child1.add_child(TreeNode(""Child 1.2""))
    child2.add_child(TreeNode(""Child 2.1""))
    child3.add_child(TreeNode(""Child 3.1""))
    child3.add_child(TreeNode(""Child 3.2""))

    root.add_child(child1)
    root.add_child(child2)
    root.add_child(child3)

    # Print the ASCII tree
    print_ascii_tree(root)
```

### Explanation:

1. **Tree Node Definition**: The `TreeNode` class defines a node in the tree, containing a value and a list of child nodes.

2. **ASCII Tree Printing Function**:
   - The `print_ascii_tree` function prints each node's value along with its children in a tree structure format.
   - It uses prefixes and line symbols (`└──`, `├──`, `│`, and spaces) to visually indicate the hierarchy.
   - The function checks whether the current node is the last child to determine ",how to add an image in a github readme,ambiguous,productive,围绕同作业追问README图像,ambiguous,切题但可能同作业,productive,围绕 README/展示材料继续提出具体实现问题，属于与当前工作链条相关的聚焦追问。
75,a3,11,45,so this searches duplicated by this label?,"Yes, that's correct! When you use the `duplicated()` method with the `subset` parameter in a `pandas` DataFrame, it allows you to check for duplicate rows based specifically on the values in one or more designated columns (labels).

### How It Works:
- **Labeling Duplicates**: If you specify a column (or multiple columns) through the `subset` argument, `pandas` will identify rows in the DataFrame that have the same values in those specified columns.
- **Return Value**: The method will return a boolean Series where each entry corresponds to a row in the DataFrame. If the value is `True`, it indicates that the row is a duplicate of a previous row based on the specified column(s).

### Example Explanation:
Let’s illustrate how this works with a simple example:

#### Example DataFrame
```python
import pandas as pd

data = {
    'ID': [1, 2, 3, 1, 4, 2],
    'Name': ['Alice', 'Bob', 'Charlie', 'Alice', 'David', 'Bob'],
    'Score': [85, 90, 95, 85, 88, 90]
}

df = pd.DataFrame(data)
```

This creates the following DataFrame:

| ID | Name    | Score |
|----|---------|-------|
| 1  | Alice   | 85    |
| 2  | Bob     | 90    |
| 3  | Charlie | 95    |
| 1  | Alice   | 85    |
| 4  | David   | 88    |
| 2  | Bob     | 90    |

### Finding Duplicates Based on a Specific Column
1. **Finding Duplicates by ID**:
   ```python
   duplicates_by_id = df.duplicated(subset=['ID'])
   print(duplicates_by_id)
   ```
   Output:
   ```
   0    False
   1    False
   2    False
   3     True
   4    False
   5     True
   dtype: bool
   ```

   Here, the 4th and 6th rows are marked as `True` because the `ID` 1 and 2 appear multiple times in the DataFrame.

2. **Finding Duplicates by Name**:
   ```python
   duplicates_by_name = df.duplicated(subset=['Name'])
   print(duplicates_by_name)
   ```
   Output:
   ```
   0    False
   1    False
   2    False
   3     True
   4    False
   5     True
   dtype: bool
   ```

   Again, the 4th and 6th rows are marked as `True` because names `Alice` and `Bob` occur multiple times.

### Conclusion
- By providing specific column labels (like `ID` or `Name`) to the `subset` parameter in the `duplicated()` method, you effectively instruct `pandas` to check for duplicates based solely on those columns.
- The Boolean output can then be used to filter, count, or analyze duplicates in your DataFrame, allowing you to manage your data more effectively based on the criteria you choose.

Feel free to ask more questions or for further clarifications!",okay how do i drop the duplicate rows?,productive,productive,具体追问如何删重,productive,继续推进去重步骤,productive,两位标注者一致，直接采纳。
76,a2,2,29,Can you tell me if i implemented each function correctly?,"Of course! Please provide the code for the functions you've implemented, and let me know what each function is supposed to do. Then I can help you review them and suggest any improvements or corrections if necessary.",can you give me a bit of the implementation for buildtree,ambiguous,dependency,索要buildtree实现片段,dependency,索要部分实现,dependency,两位标注者一致，直接采纳。
77,a2,0,1,"Instructions:

TODO: build_tree(document)

Note

TODO: Draw the tree diagram of test.txt given in the starter code - Upload the image into your readme into the reports section in the end of this readme.
What it does:

Takes a text document as input.
Splits the document into individual words.
Inserts each word into a tree (prefix tree) data structure.
Each character of a word becomes a node in the tree.
Your task:

Complete the for loop within the build_tree method.

Previous Information:
from collections import deque
import heapq
import random
import string


class Node:
    #TODO
    def __init__(self):
        self.freq = 0
        self.children = {}

input of function:

test.txt containing
""there though that the their through thee thou thought thag""

function:

    def build_tree(self, document):
        for word in document.split():
            node = self.root
            for char in word:
                if char not in node.children:
                    node.children[char] = Node()
                node = node.children[char]
                node.freq += 1
            node.is_word = True
","Sure! To complete the `build_tree` method, we'll need to ensure that we properly insert each word from the input document into the prefix tree (trie) structure. Each character of a word becomes a node in the tree and will be added to the `children` dictionary of the node representing the previous character.

Here’s a complete implementation based on the provided specifications, including the class `Node` and function `build_tree`:

```python
class Node:
    def __init__(self):
        self.freq = 0  # Frequency of the character at this node
        self.children = {}  # Dictionary to hold child nodes
        self.is_word = False  # Flag to check if this node marks the end of a word


class Trie:
    def __init__(self):
        self.root = Node()  # Initialize the root of the Trie

    def build_tree(self, document):
        for word in document.split():  # Split the document into words
            node = self.root
            for char in word:  # Iterate through each character of the word
                if char not in node.children:
                    node.children[char] = Node()  # Create a new node if char is not present
                node = node.children[char]  # Move to the child node
                node.freq += 1  # Increment the frequency of the character
            node.is_word = True  # Mark the end of the word

# Example usage:
trie = Trie()
document = ""there though that the their through thee thou thought thag""
trie.build_tree(document)

# To visualize the trie, you can implement a method to print or display its structure
```

### Explanation:
1. **Node Class**: Each `Node` has:
    - `freq`: The frequency of the character at this node.
    - `children`: A dictionary that maps a character to its child node.
    - `is_word`: A flag to indicate if this node is the end of a word.

2. **Trie Class**: 
    - The `__init__` method initializes the root node of the Trie.
    - The `build_tree` method processes each word from the document:
        - For each word, it checks each character:
            - If a character is not already a child node, it creates a new `Node`.
            - It moves to the child node corresponding to the character.
            - It increments the frequency count for that node.
        - At the end of the word, it marks the node as a word with `is_word = True`.

You will need to implement a function that visualizes or outputs the structure of the Trie to include it in the report for your README, as per your instructions. I","    #TODO for students!!!
    def suggest_bfs(self, prefix):
        node = self.root
        for char in prefix:
            if char not in node.children:
                return []
            node = node.children[char]
        queue = deque([(node, prefix)])
        suggestions = []
        while queue:
            node, word = queue.popleft()
            if node.is_word:
                suggestions.append(word)
            for char, child in node.children.items():
                queue.append((child, word + char))
        return suggestions


2. TODO: suggest_bfs(prefix)

What it does:

Implements the Breadth-First Search (BFS) algorithm on the tree.
Takes a prefix (the letters the user has typed so far) as input.
Finds all words in the tree that start with the prefix.
Your task:

Start from the node that corresponds to the last character of the prefix.
Using BFS traverse the sub tree and build a list of suggestions.
Run your code with the genZ.txt file and suggest_bfs() method that you just implemented with the prefix ""th"" and note the the autocompleted suggestions it generates in the Reports Section below. Make sure you note down the suggestions in the same order in which they are originally displayed on your screen.


Do I need to implement any changes for this ",productive,productive,贴BFS实现代码尝试,productive,贴代码并确认是否需改,productive,两位标注者一致，直接采纳。
78,a3,7,18,"Variable Name	Role	Type	Demographic	Description	Units	Missing Values
age	Feature	Integer	Age		year	yes
bp	Feature	Integer		blood pressure	mm/Hg	yes
sg	Feature	Categorical		specific gravity		yes
al	Feature	Categorical		albumin		yes
su	Feature	Categorical		sugar		yes
rbc	Feature	Binary		red blood cells		yes
pc	Feature	Binary		pus cell		yes
pcc	Feature	Binary		pus cell clumps		yes
ba	Feature	Binary		bacteria		yes
bgr	Feature	Integer		blood glucose random	mgs/dl	yes
bu	Feature	Integer		blood urea	mgs/dl	yes
sc	Feature	Continuous		serum creatinine	mgs/dl	yes
sod	Feature	Integer		sodium	mEq/L	yes
pot	Feature	Continuous		potassium	mEq/L	yes
hemo	Feature	Continuous		hemoglobin	gms	yes
pcv	Feature	Integer		packed cell volume		yes
wbcc	Feature	Integer		white blood cell count	cells/cmm	yes
rbcc	Feature	Continuous		red blood cell count	millions/cmm	yes
htn	Feature	Binary		hypertension		yes
dm	Feature	Binary		diabetes mellitus		yes
cad	Feature	Binary		coronary artery disease		yes
appet	Feature	Binary		appetite		yes
pe	Feature	Binary		pedal edema		yes
ane	Feature	Binary		anemia		yes","Based on the provided data structure, here’s a summary outlining key features of each variable, including its role, type, description, and units:

| **Variable Name** | **Role**  | **Type**      | **Description**               | **Units**       | **Missing Values** |
|--------------------|-----------|---------------|-------------------------------|------------------|---------------------|
| age                | Feature   | Integer       | Age                           | year             | Yes                 |
| bp                 | Feature   | Integer       | Blood pressure                | mm/Hg            | Yes                 |
| sg                 | Feature   | Categorical   | Specific gravity              | -                | Yes                 |
| al                 | Feature   | Categorical   | Albumin                       | -                | Yes                 |
| su                 | Feature   | Categorical   | Sugar                         | -                | Yes                 |
| rbc                | Feature   | Binary        | Red blood cells               | -                | Yes                 |
| pc                 | Feature   | Binary        | Pus cell                      | -                | Yes                 |
| pcc                | Feature   | Binary        | Pus cell clumps              | -                | Yes                 |
| ba                 | Feature   | Binary        | Bacteria                      | -                | Yes                 |
| bgr                | Feature   | Integer       | Blood glucose random          | mg/dl            | Yes                 |
| bu                 | Feature   | Integer       | Blood urea                    | mg/dl            | Yes                 |
| sc                 | Feature   | Continuous    | Serum creatinine              | mg/dl            | Yes                 |
| sod                | Feature   | Integer       | Sodium                        | mEq/L            | Yes                 |
| pot                | Feature   | Continuous    | Potassium                     | mEq/L            | Yes                 |
| hemo               | Feature   | Continuous    | Hemoglobin                    | gms              | Yes                 |
| pcv                | Feature   | Integer       | Packed cell volume            | -                | Yes                 |
| wbcc               | Feature   | Integer       | White blood cell count        | cells/cmm        | Yes                 |
|",stop,dependency,dependency,明确要求停止,dependency,明确停止,dependency,两位标注者一致，直接采纳。
79,a7,3,7,how do u set the fully connected layer for an RNN model,"In an RNN model, the fully connected layer (also known as a dense layer) is typically used as the final layer to produce output from the hidden states generated by the RNN layers. The fully connected layer takes the output from the RNN and maps it to the desired output space (e.g., classification labels for text classification or regression values for time series forecasting). Here’s how to set up the fully connected layer for an RNN model:

### Steps to Define the Fully Connected Layer in an RNN Model

1. **Output Shape**: Determine the output shape based on your task:
   - **Classification Tasks**: If it’s a multi-class classification problem, the number of neurons in the output layer should match the number of classes, and you will typically use a softmax activation function. For binary classification, use one output neuron with a sigmoid activation function.
   - **Regression Tasks**: If predicting continuous values, use one or more neurons with a linear activation function.

2. **Select the Last Hidden State**: 
   - In many RNN implementations, you'll pass the last hidden state of the RNN to the fully connected layer. However, you can also use the final output sequence (in the case of many-to-many architectures) or the average of all hidden states (in the case of many-to-one architectures).
   - For a many-to-one architecture, you could use something like this:
     ```python
     output = rnn_output[:, -1, :]  # last hidden state
     ```

3. **Define the Fully Connected Layer**:
   - Specify the number of units in the layer according to the output type and the required activation function.
   - In a framework like Keras or PyTorch, you can define the fully connected layer as follows:

   **Using Keras** (TensorFlow backend):
   ```python
   from keras.models import Sequential
   from keras.layers import LSTM, Dense

   model = Sequential()
   model.add(LSTM(units=128, input_shape=(sequence_length, feature_dim)))
   model.add(Dense(units=num_classes, activation='softmax'))  # for classification
   ```

   **Using PyTorch**:
   ```python
   import torch
   import torch.nn as nn

   class RNNModel(nn.Module):
       def __init__(self, input_size, hidden_size, num_classes):
           super(RNNModel, self).__init__()
           self.rnn = nn.LSTM(input_size, hidden_size, batch_first=True)
           self.fc = nn.Linear(hidden_size, num_classes)  # for classification

       def forward(self, x):
           out, (hn, cn) = self.rnn(x)  # x: (batch_size,",I am using torch.nn,dependency,productive,补充torch.nn使用场景,productive,补充所用框架,productive,两位标注者一致，直接采纳。
80,a2,16,17,different fix,"Certainly! There are different ways to handle tie-breaking when you have tuples with the same primary element, such as cost. Below are several alternative strategies and the corresponding modifications you can make to your code, depending on your specific needs.

### 1. **Using Node's Unique Identifier**

If your `Node` class has a unique identifier or a property that ensures a consistent ordering, you can add it to the tuple for tie-breaking. This is useful if `Node` has a predictable or unique property.

```python
# Modify the Node class if it doesn't already have an identifier
class Node:
    def __init__(self, identifier):
        self.children = {}
        self.is_word = False
        self.path_cost = 0
        self.identifier = identifier  # Example property

def suggest_ucs(self, prefix):
    # ... (similar code as before)
    heap = [(0, node, prefix, node.identifier)]  # Add identifier for tie-breaking
    
    while heap:
        cost, current_node, word, identifier = heapq.heappop(heap)
        
        # (code for adding words)
        
        for char, child in current_node.children.items():
            edge_cost = 1 / child.path_cost if child.path_cost != 0 else 1
            heapq.heappush(heap, (cost + edge_cost, child, word + char, child.identifier))
    
    return words
```

### 2. **Using Lexicographical Order for Words**

Incorporating the word itself into your tuple can help you tie-break based on the dictionary order of the output words:

```python
def suggest_ucs(self, prefix):
    # ... (similar code as before)
    heap = [(0, node, prefix)]   # Not including +len(word)

    while heap:
        cost, current_node, word = heapq.heappop(heap)
        
        if current_node.is_word:
            words.append((word, cost))
        
        for char, child in current_node.children.items():
            edge_cost = 1 / child.path_cost if child.path_cost != 0 else 1
            # Include the word as the last item for lexicographical tie-breaking
            heapq.heappush(heap, (cost + edge_cost, child, word + char))
    
    return words
```

### 3. **Using Tuple of Multiple Tie-breaking Conditions**

You can add multiple conditions to your tuple. For example, using both length and the word itself for tie-breaking:

```python
def suggest_ucs(self, prefix):
    # ... (similar code as before)
    heap = [(0, node, prefix)]

    while heap:
        cost, current_node, word = heapq.heappop(heap)
        
        if current_node.is_word:
   ",fix before heappop,dependency,dependency,简短下指令让其修,dependency,给笼统修复指令,dependency,两位标注者一致，直接采纳。
81,a4,30,37,"Cross-validation scores for polynomial regression: [1. 1. 1. 1. 1.]
Mean cross-validation score (Polynomial Regression): 1.0
Standard deviation of cross-validation scores (Polynomial Regression): 0.0
Polynomial Coefficients: [ 0.00000000e+00  1.20000000e+01 -1.23113604e-07 -1.05648823e-11
  2.00000000e+00  2.85714287e-02]
Polynomial Intercept: 1.65727105922997e-05

# Using the PolynomialFeatures library perform another regression on an augmented dataset of degree 2
# Perform k-fold cross validation (as above)

# Report on the metrics and output the resultant equation as you did in Part 3.

# Create polynomial features of degree 2
degree = 2
polynomial_features = PolynomialFeatures(degree=degree)

# Create a pipeline with polynomial features and linear regression
model_poly = make_pipeline(polynomial_features, LinearRegression())

# Perform k-fold cross-validation with 5 splits
poly_scores = cross_val_score(model_poly, X, y, cv=5)

# Print cross-validation scores
print(""Cross-validation scores for polynomial regression:"", poly_scores)
print(""Mean cross-validation score (Polynomial Regression):"", poly_scores.mean())
print(""Standard deviation of cross-validation scores (Polynomial Regression):"", poly_scores.std())

# Fit the model to obtain coefficients and intercept
model_poly.fit(X, y)

# Extract coefficients and intercept
poly_coefficients = model_poly.named_steps['linearregression'].coef_
poly_intercept = model_poly.named_steps['linearregression'].intercept_

# Display coefficients and intercept for polynomial regression
print(""Polynomial Coefficients:"", poly_coefficients)
print(""Polynomial Intercept:"", poly_intercept)

Based on this:
Write the polynomial equation of a slime: (example equation: $E = mc^2$)
report on score and interpret","Certainly! Based on the output of your polynomial regression analysis and the details you've provided, we can construct and report the polynomial equation of the model as well as interpret the results.

### Polynomial Equation
Given the coefficients and intercept obtained from your polynomial regression, the equation can be expressed in a standard polynomial form. Here's how you would interpret and create the equation based on your coefficients:

- **Polynomial Coefficients**: 
  - \[ [ 0.00000000e+00,  1.20000000e+01, -1.23113604e-07, -1.05648823e-11,  2.00000000e+00,  2.85714287e+02] \]
  
Assuming these coefficients correspond to the polynomial terms (where \(x_1\) is **Temperature** and \(x_2\) is **Mols KCl**), the polynomial equation \( h(x_1, x_2) \) can be expressed as:

\[
h(x_1, x_2) = 1.65727105922997 \times 10^{-5} + (12.0 \times x_1) + (-1.23113604 \times 10^{-7} \times x_1^2) + (-1.05648823 \times 10^{-11} \times x_1^3) + (2.0 \times x_2) + (2.85714287 \times 10^{-2} \times x_1 \cdot x_2)
\]

Substituting the accuracy of formatting, it can be presented in a cleaner manner:

\[
h(T, K) = 1.6573 \times 10^{-5} + (12.0 \cdot T) - (1.2311 \times 10^{-7} \cdot T^2) - (1.0565 \times 10^{-11} \cdot T^3) + (2.0 \cdot K) + (0.0286 \cdot T \cdot K)
\]

### Reporting on Score and Interpretation

1. **Cross-Validation Scores**:
   - The cross-validation scores reported were \([1, 1, 1, 1, 1]\). This indicates that the polynomial regression model perfectly predicted the target variable for each of the folds during cross-validation.
   - **Mean Score**: The mean cross-validation score was **1.0**. This indicates that the model accounted for 100% of the variance in the response variable across all folds, suggesting the model fits the data extremely well.
   - **Standard Deviation**: The standard deviation was **0.0**, indicating no variability among the fold metrics, which reinforces that the model's performance was consistently high across all data partitions.

2. **Interpretation of Results**:
   - The perfect mean score of **1.0** suggests that the polynomial regression model utilized can explain all variability in the growth of the slime based on temperature and KCl concentration when the features are transformed to polynomial terms. 
   - However, while an accurate model is desirable, one must also be cautious. Perfect scores may indicate overfitting. If the model performs poorly on new, unseen data, it could mean that it has learned to fit the trainin",summarize this in markdown format,ambiguous,dependency,要求助手代做摘要格式,dependency,让模型代做格式化,dependency,两位标注者一致，直接采纳。
82,a1,1,8,my favourite color is blue,"That's great! Blue is often associated with calmness, serenity, and stability. It's a popular color that can evoke feelings of peace and tranquility. Do you have a particular shade of blue that you like most, or do you enjoy blue in different contexts, like in nature, fashion, or art?",what is my favourite color?,ambiguous,dependency,无关记忆式提问,ambiguous,像测试记忆无任务,dependency,这是记忆测试式提问，与学习任务推进无关，也不体现新的认知工作。
83,a4,3,48,"This line doesnt work 
X_train, X_test, y_train, y_test = train_test_split(X, y, test_size=0.1, random_state=42)
","If the line `X_train, X_test, y_train, y_test = train_test_split(X, y, test_size=0.1, random_state=42)` is not working, there could be several potential issues to investigate. Below are some steps and adjustments to ensure that the code runs smoothly:

### Possible Issues and Fixes

1. **Importing the Required Libraries**: Make sure you have all the necessary libraries imported. You should have both pandas and sklearn installed in your environment.

2. **DataFrame Column Names**: Ensure that the column names in the DataFrame are correct. Sometimes column names may have leading/trailing spaces or other formatting issues. You can check the column names with `df.columns` after loading the DataFrame.

3. **Data Types**: Ensure that the columns you are working with are of compatible types. If you expect numeric data and your DataFrame contains strings or null values, it could cause issues.

### Updated Code Example

Here's a full example that includes additional checks for renaming columns to ensure that they are handled correctly:

```python
import pandas as pd
from sklearn.model_selection import train_test_split

# Load the dataset
df = pd.read_csv(""science_data_large.csv"")

# Check column names for any issues
print(""Column names:"", df.columns)

# Clean column names if necessary (optional)
df.columns = df.columns.str.strip()  # Remove any leading/trailing spaces

# Split the dataset into features (X) and label (y)
# Here, 'Size nm^3' is the label and the rest are features
X = df[['Temperature °C', 'Mols KCL']]  # Features
y = df['Size nm^3']                      # Label

# Check if there are any NaN values in the data that might cause issues
print(""Missing values in X:\n"", X.isnull().sum())
print(""Missing values in y:\n"", y.isnull().sum())

# Use sklearn to split the features and labels into a training/test set (90% train, 10% test)
X_train, X_test, y_train, y_test = train_test_split(X, y, test_size=0.1, random_state=42)

# To confirm the split, you can print the shapes of resulting datasets
print(""Training set shape:"", X_train.shape, y_train.shape)
print(""Test set shape:"", X_test.shape, y_test.shape)
```

### Explanation of Added Checks:
- **Print column names**: This will help you verify that the column names are as expected.
- **Clean column names**: Stripping spaces can resolve issues caused by improperly formatted column names.
- **Check for NaN values**: This will help you identify if there are any missing values in the features or labels that could cau",scikitlearn train_test_sp;it,dependency,ambiguous,短且含糊像关键词,dependency,跳到另一个基础问题,ambiguous,“scikitlearn train_test_sp;it”过短且像关键词/错拼，无法稳定判断具体需求。
84,a1,3,17,"/usr/local/bin/python3 /Users/<redacted>/Desktop/383/assignment-
2-search-complete-<redacted>/main.py
2024-09-24 22:40:53.985 Python[29565:3464123] WARNING: Secure coding is not enabled for restorable state! Enable secure coding by implementing NSApplicationDelegate.applicationSupportsSecureRestorableState: and returning YES.
 //its not predicting the atocomplete word","It sounds like you are encountering two separate issues here: a Python warning about secure coding and an autocomplete functionality not working in your program. Let's address both of them.

### 1. Python Warning about Secure Coding

The warning you received:

```
WARNING: Secure coding is not enabled for restorable state! Enable secure coding by implementing NSApplicationDelegate.applicationSupportsSecureRestorableState: and returning YES.
```

This warning is related to macOS applications and is typically not directly related to your Python code. It may be generated by the underlying GUI framework (like Tkinter or PyQt) if you're using one to build a graphical user interface (GUI). 

This warning can generally be ignored unless your application requires secure restorable state for some specific functionality. If you're developing a GUI application, you might want to look into implementing the mentioned method in the appropriate delegate, but for console applications, this is usually fine to ignore.

### 2. Autocomplete Functionality Not Working

If your autocomplete functionality is not working, there could be several reasons for it. Here are some common steps to troubleshoot and fix this issue:

#### Check Your Code Logic

1. **Functionality Implementation**:
   - Ensure that your autocomplete logic is correctly implemented. Typically, autocomplete features work by matching the beginning of a word input with a list of valid words.

2. **Data Source**:
   - Verify that you have the correct data source for autocomplete. This could be a list, dictionary, or a more complex data structure containing the possible autocomplete options.

3. **Input Handling**:
   - Make sure you are capturing user input correctly and passing it to the autocomplete function.

#### Example Implementation

Here’s a simple example of how you could implement an autocomplete feature in Python:

```python
# Sample list of words for autocomplete
word_list = ['apple', 'banana', 'grape', 'orange', 'strawberry', 'blueberry', 'melon']

def autocomplete(prefix):
    # Find words that start with the given prefix
    return [word for word in word_list if word.startswith(prefix)]

# Example to test autocomplete
user_input = input(""Enter a prefix for autocomplete: "")
matches = autocomplete(user_input)

if matches:
    print(""Autocomplete suggestions:"", matches)
else:
    print(""No matches found."")
```

#### Debugging Steps

- Add print statements to check if the input is being captured correctl","print(""UCS Suggestions:"", autocomplete_engine.suggest_ucs(prefix))
                              ^^^^^^^^^^^^^^^^^^^^^^^^^^^^^^^^^^^^^^^
  File ""/Users/<redacted>/Desktop/383/assignment-2-search-complete-<redacted>/autocomplete.py"", line 103, in suggest_ucs
    heapq.heappush(pq, (cost + 1, child_node, curr_prefix + char))
TypeError: '<' not supported between instances of 'Node' and 'Node",productive,productive,贴出报错继续排查,productive,贴报错定位问题,productive,两位标注者一致，直接采纳。
85,a6,0,3,hi,Hello! How can I assist you today?,"def create_frequency_tables(document, n):
    """"""
    This function constructs a list of `n` frequency tables for an n-gram model, each table capturing character frequencies with increasing conditional dependencies.

    - **Parameters**:
        - `document`: The text document used to train the model.
        - `n`: The number of value of `n` for the n-gram model.

    - **Returns**:
        - Returns a list of n frequency tables.
    """"""
    tables = []
    
    for i in range(1, n+1):
        table = {}

        for j in range(len(document) - i + 1):
            ngram = document[j:j+i]

            if i == 1: 
                if ngram in table:
                    table[ngram] += 1
                else: 
                    table[ngram] = 1
            else: 
                prefix = ngram[:-1]
                suffix = ngram[-1]

                if prefix not in table: 
                    table[prefix] = {}
                if suffix in table[prefix]:
                    table[prefix][suffix] += 1
                else:
                    table[prefix][suffix] = 1
        tables.append(table)
    return tables


def calculate_probability(sequence, char, tables):
    """"""
    Calculates the probability of observing a given sequence of characters using the frequency tables.

    - **Parameters**:
        - `sequence`: The sequence of characters whose probability we want to compute.
        - `tables`: The list of frequency tables created by `create_frequency_tables()`, this will be of size `n`.
        - `char`: The character whose probability of occurrence after the sequence is to be calculated.

    - **Returns**:
        - Returns a probability value for the sequence.
    """"""
    if not sequence:
        # If char is in unigram table
        if char in tables[0]:
            # Total character occurrences in the corpus
            total_chars = sum(tables[0].values())
            # Occurrences of the specific character
            char_count = tables[0][char]
            
            # Apply smoothing
            vocab_size = len(tables[0])
            return (char_count + 1) / (total_chars + vocab_size)
        else:
            # Character not in vocabulary, apply smoothing
            total_chars = sum(tables[0].values())
            vocab_size = len(tables[0])
            return 1 / (total_chars + vocab_size)
    
    # For longer sequences
    context_length = len(sequence)
    
    # If sequence is longer than our n-gram model supports
    if conte",productive,productive,直接贴函数代码求助,productive,贴完整代码尝试,productive,两位标注者一致，直接采纳。
86,a4,3,21,"my dataset looks like this:     Temperature °C  Mols KCL     Size nm^3
0              469       647  6.244743e+05 an overview of this data is this: It's finally happened—life on other planets! The Curiosity rover has found a sample of life on Mars and sent it back to Earth. The life takes the form of a nanoscopic blob of green slime. Scientists the world over are trying to discover the properties of this new life form.

Our team of scientists at UMass has run a number of experiments and discovered that the slime seems to react to Potassium Chloride (KCl) and heat. They've run an exhaustive series of experiments, exposing the slime to various amounts of KCl and temperatures, recording the change in size of the slime after one day.

They've gathered all the results and summarized them into this table: Science Data CSV

Your mission is to harness the power of machine learning to determine the equation that governs the growth of this new life form. Ultimately, the discovery of this new equation could unlock some of the secrets of life and the universe itself!","Given your dataset structure and the problem you're tackling, it seems you want to establish a relationship between the features (Temperature and Mols KCl) and the label (Size). To split this dataset into features (`X`) and labels (`y`), you'll first need to read your dataset, and then isolate the appropriate columns.

Assuming the columns are named as follows:
- `Temperature °C`: This is your feature.
- `Mols KCL`: This is another feature.
- `Size nm^3`: This serves as the label (the target variable).

Here's how you can split this dataset into `X` (features) and `y` (label):

### Step-by-Step Code

```python
import pandas as pd

# Load your dataset (update 'your_dataset.csv' with your actual filename)
df = pd.read_csv('your_dataset.csv')

# Display the first few rows of the dataset to understand its structure
print(df.head())

# Split the dataset into features (X) and label (y)
# Here we assume 'Size nm^3' is the label we want to predict
X = df[['Temperature °C', 'Mols KCL']]  # Features
y = df['Size nm^3']                      # Label

# Display the shapes of X and y
print(""Features (X) shape:"", X.shape)
print(""Label (y) shape:"", y.shape)

# Optionally, display the first few rows of X and y
print(""Features (X):"")
print(X.head())
print(""\nLabel (y):"")
print(y.head())
```

### Explanation of the Code:

1. **Import pandas**: Make sure to import the pandas library for data manipulation.
2. **Load the dataset**: Replace `'your_dataset.csv'` with the actual path to your CSV file.
3. **Display the first few rows**: This helps visualize the data and confirm the column names.
4. **Split into features and label**:
    - `X` is created by selecting the columns `Temperature °C` and `Mols KCL`.
    - `y` is created by selecting the `Size nm^3` column, which represents the target variable you're trying to predict.
5. **Display shapes**: This can help confirm that your split has worked correctly.
6. **Optionally display data**: This gives you a glimpse into what the features and label look like.

### Next Steps:

Now that you have your features and label split, you can begin analyzing your data further, running machine learning experiments, and building predictive models to understand the relationship between the experimental conditions (temperature and KCl) and the growth size of the slime. Common algorithms you might consider include linear regression, decision trees, or more complex models depending on the relationship you explore.","# Use sklearn to split the features and labels into a training/test set. (90% train, 10% test)
# For grading consistency use random_state=42 ",ambiguous,ambiguous,仅贴下一步说明,dependency,只贴题目下一步,dependency,仅粘贴下一步作业要求让助手执行，缺乏自己的分析或局部困惑。
87,a6,5,12,what does yield do,"In Python, the `yield` statement is used within a function to create a generator. A generator is a special type of iterator that allows you to iterate through a sequence of values, but instead of returning all values at once (like a regular function with a `return` statement), it generates them one at a time and maintains its state between each yield. Here's an overview of how `yield` works and its benefits:

### How `yield` Works

1. **State Retention**:
   - When a generator function calls `yield`, it pauses execution and saves its state. The next time the generator is called, it resumes from where it left off, rather than starting from the beginning.

2. **Lazy Evaluation**:
   - Generators produce values on-the-fly and do not store them in memory. This means you can work with large datasets or compute sequences without needing to load everything into memory at once.

3. **Iteration**:
   - You can iterate over a generator using a for loop or by calling `next()` on it. Each call to the generator function resumes execution until it hits another `yield`, which produces the next value.

### Example

Here's an example that demonstrates the use of `yield`:

```python
def count_up_to(n):
    count = 1
    while count <= n:
        yield count  # Pause here and return the current value of count
        count += 1   # Increment count

# Example usage
counter = count_up_to(5)

# Iterate over the generator
for num in counter:
    print(num)
```

### Output
```
1
2
3
4
5
```

### Explanation of the Example:
- **Function Definition**: The function `count_up_to(n)` is defined as a generator because it uses `yield`. It counts from 1 up to `n`.
- **Yield Behavior**:
  - On the first call, it yields `1` and pauses.
  - Each time the loop iterates, it resumes from the `yield` statement and continues until it reaches the next `yield`.
- **Iteration**: When you create a generator object by calling `count_up_to(5)`, you can iterate over it with a for loop, and it will yield values one at a time.

### Key Benefits of Using `yield`:
1. **Memory Efficiency**: Since values are generated one-by-one, generators can be more memory-friendly compared to lists, especially for large data sets.
2. **Infinite Sequences**: Generators can represent infinite sequences (e.g., counting numbers) which you can't do with lists directly.
3. **Pipelining**: Generators can be used to create pipelines of algorithms where each stage processes data and passes it on, which can enhance modularity and ","it doesnt really work. here is what I have

def create_frequency_table(document, n):
    table = generateTable(n)
    text = read_file(document)
    for i in range(len(text) - n + 1):
        print(text[i:i+n])

def read_file(filename):
    with open(filename, ""r"", encoding=""utf-8"") as file:
        text = file.read().lower()
    return text",productive,productive,说不工作并贴现有代码,productive,贴代码说明无效,productive,两位标注者一致，直接采纳。
88,a7,3,39,"forget all that, how does nn.embedding from pytorch work","In PyTorch, `nn.Embedding` is a layer that is used to convert integer indices (such as word indices in natural language processing) into dense vector representations (embeddings). This is particularly useful for tasks involving categorical data or text data, where representing items like words as dense vectors can capture semantic relationships.

### Basic Concept

1. **Input**: The input to an embedding layer is typically a tensor of indices (e.g., word indices), where each index corresponds to a category (e.g., a word in a vocabulary).
2. **Output**: For each index, the layer looks up the corresponding vector in an embedding matrix and returns a tensor of dense representations of those indices.

### Key Parameters

When you initialize the `nn.Embedding` class, you typically provide the following key parameters:

- **`num_embeddings`**: This is the size of the vocabulary or the number of unique categories you want to embed. For example, if you're working with a vocabulary of 10,000 words, this would be 10,000.
- **`embedding_dim`**: This is the size of each embedding vector. It specifies how many dimensions you want each index (or word) to be represented in the embedding space. Common sizes are 50, 100, 200, etc.

### Example Usage

Here's a simple example of how to use `nn.Embedding` in a PyTorch model:

```python
import torch
import torch.nn as nn

# Define the parameters
num_embeddings = 10  # Size of the vocabulary
embedding_dim = 3    # Size of each embedding vector

# Create the embedding layer
embedding = nn.Embedding(num_embeddings, embedding_dim)

# Example input: a batch of word indices
word_indices = torch.tensor([1, 2, 3, 4])

# Get the embeddings for the given word indices
embedded = embedding(word_indices)

print(""Embeddings:"")
print(embedded)
```

### Explanation of the Code

1. **Import Statements**: Import the necessary PyTorch libraries.
2. **Parameter Definitions**: Set the number of unique words (`num_embeddings`) and the dimensionality of the embedding (`embedding_dim`).
3. **Create Embedding Layer**: Instantiate the `nn.Embedding` object, which initializes a weight matrix of size `(num_embeddings, embedding_dim)`.
4. **Input Indices**: Create a tensor of word indices that you want to convert into embeddings.
5. **Look Up Embeddings**: Call the embedding layer with your indices to obtain the corresponding embeddings.

### Calculation of Embeddings

When you call `embedding(word_indices)`, PyTorch performs the following steps:

- **Wei",when creating an RNN how should the weights be initialized using nn.parameter,ambiguous,productive,提出具体权重初始化问题,productive,具体追问RNN初始化,productive,两位标注者一致，直接采纳。
89,a5,25,34,how would i do the table part,"To create and display a table summarizing the results of your experiments, you can use the Pandas library. Once you gather the relevant information during your experiments, you can format it into a DataFrame for easy visualization. 

Here's a step-by-step guide on how to do this:

1. **Collect Results in a List**: As you have done previously, collect the results in a list of dictionaries where each dictionary corresponds to an experiment and holds relevant hyperparameter settings and results.

2. **Create a Pandas DataFrame**: Convert the collected results into a Pandas DataFrame.

3. **Display the Results**: You can use the built-in printing capabilities of the DataFrame to display the results in a tabular format.

Here's how you can do it in code:

### Step-by-Step Example

```python
import pandas as pd

# Assume `results` contains all the information after running the experiments
results = []

# Example collection of experimental results (you might have this data from your training function calls)
# Experiment 1 results
losses1 = [...]  # This would be the list of losses from training
results.append({
    'Experiment': 1,
    'Learning Rate': 0.001,
    'Optimizer': 'Adam',
    'Architecture': [64, 32],
    'Final Loss': losses1[-1],  # last recorded loss for this experiment
})

# Experiment 2 results
losses2 = [...]  # Example data for demonstration (replace with actual)
results.append({
    'Experiment': 2,
    'Learning Rate': 0.0001,
    'Optimizer': 'Adam',
    'Architecture': [128, 64],
    'Final Loss': losses2[-1],
})

# Repeat for other experiments...

# Convert results to a DataFrame
results_df = pd.DataFrame(results)

# Optionally, adjust the column order if needed
results_df = results_df[['Experiment', 'Learning Rate', 'Optimizer', 'Architecture', 'Final Loss']]

# Display the DataFrame as a table
print(""\nTraining Results Summary:"")
print(results_df)
```

### Explanation of Each Part:

1. **Initializing Results**:
   - An empty list `results` is created to store results from each experiment.

2. **Appending Results**:
   - For each experiment, a dictionary is appended to the `results` list. Each dictionary includes key-value pairs for the experiment number, learning rate, optimizer, architecture, and the final recorded loss from training (you can also store the average loss or another metric of interest).

3. **Creating a DataFrame**:
   - After collecting all experimental results in the list, `pd.DataFrame(results)` creates a structured Da","Please provide a table with 5 settings:

[TODO: Enter table here] do it for me",dependency,dependency,明确要求代做表格,dependency,直接让模型做表格,dependency,两位标注者一致，直接采纳。
90,a6,6,10,fix this without making any changes to utilities.py,"Understood! Given that we are not allowed to modify `utilities.py`, we need to adjust `NgramAutocomplete.py` so that it provides the correct structure for the frequency tables, ensuring compatibility with the existing `print_table` function.

### Understanding the Requirement
The error you're encountering stems from how the frequency tables are structured. Specifically, `print_table` is expecting each entry in the frequency tables to be a dictionary where you can call `.items()` to get counts, whereas in the code, you're using simple integers.

### Revised Code for `NgramAutocomplete.py`
Below, I will fix `create_frequency_tables` to build the correct structure for frequency tables while maintaining the original requirements of your implementation.

### Revised NgramAutocomplete.py

Here’s how to properly define the functions in `NgramAutocomplete.py`:

```python
def create_frequency_tables(document, n):
    """"""
    This function constructs a list of `n` frequency tables for an n-gram model,
    each table capturing character frequencies with increasing conditional dependencies.

    - **Parameters**:
        - `document`: The text document used to train the model.
        - `n`: The number of value of `n` for the n-gram model.

    - **Returns**:
        - Returns a list of n frequency tables.
    """"""
    # Initialize frequency tables as a list of dictionaries
    frequency_tables = [{} for _ in range(n)]
    
    # Process the document to build unigram counts and n-grams
    length = len(document)
    for i in range(length):
        # For unigrams (n=1)
        char = document[i]
        if char not in frequency_tables[0]:
            frequency_tables[0][char] = 0
        frequency_tables[0][char] += 1
        
        # Build n-grams for n from 2 to n
        for j in range(2, n + 1):  # j denotes size of the n-gram
            if i + j <= length:  # Ensure n-gram does not exceed bounds
                ngram = document[i:i + j]  # Create n-gram
                if ngram not in frequency_tables[j - 1]:  # Tables are 0-indexed
                    frequency_tables[j - 1][ngram] = 0
                frequency_tables[j - 1][ngram] += 1

    # Convert frequency counts into nested dictionaries for consistency with print_table
    for i in range(n):
        frequency_tables[i] = {key: {""count"": value} for key, value in frequency_tables[i].items()}

    return frequency_tables


def calculate_probability(sequence, char, tables):
    """"""
    Calculates the probabil",continue the response,dependency,dependency,只让继续回答,dependency,只要求继续回答,dependency,两位标注者一致，直接采纳。
91,a1,7,10,TypeError: '<' not supported between instances of 'Dog' and 'Dog' when doing a heapq.heappop,"The `TypeError: '<' not supported between instances of 'Dog' and 'Dog'` error indicates that Python is trying to compare instances of your `Dog` class, but it doesn't know how to do so because you haven't defined the necessary comparison methods. The `heapq` module requires the elements in the heap to be comparable, specifically to determine which element is the smallest.

### Implementing Comparison in the `Dog` Class

To fix this error, you need to define the `__lt__` (less than) method in your `Dog` class. This will allow Python to compare two `Dog` instances based on your specified criteria (e.g., age, name).

Here’s an example of how to implement this:

```python
import heapq

class Dog:
    def __init__(self, name, age):
        self.name = name
        self.age = age

    def __lt__(self, other):
        # Compare dogs by age
        return self.age < other.age

    def __repr__(self):
        return f""Dog(name={self.name}, age={self.age})""

# Create a list of Dog instances
dogs = [
    Dog(""Buddy"", 5),
    Dog(""Max"", 2),
    Dog(""Charlie"", 3)
]

# Transform the list into a heap
heapq.heapify(dogs)

# Pop the smallest Dog based on the comparison defined
smallest_dog = heapq.heappop(dogs)

print(""Popped the smallest dog:"", smallest_dog)  # Output: Dog(name=Max, age=2)
print(""Remaining heap:"", dogs)  # Remaining heap of dogs
```

### Explanation of Key Parts:

1. **Defining `__lt__` Method**:
   - The `__lt__` method defines how to compare two instances of the `Dog` class. In this example, we compare by age. The method returns `True` if the current instance (`self`) is less than the other instance (`other`).

2. **Creating Instances and Using `heapq`**:
   - We create a list of `Dog` instances.
   - We then use `heapq.heapify()` to convert the list into a heap.
   - The `heapq.heappop()` function will call the `__lt__` method to determine which `Dog` to pop.

3. **Output**: The smallest `Dog` (based on age) is popped from the heap, and we print it.

### Additional Comparison Methods

If you need other comparison operators (like `>`, `>=`, `<=`, `!=`), you should implement them as well. Here’s a simple addition to support the equality operator, which is often helpful:

```python
def __eq__(self, other):
    return self.age == other.age
```

### Full Class with Additional Operators:

Here's a more complete version of the class with multiple comparisons:

```python
class Dog:
    def __init__(self, name, age):
        self.name = name
        self.age = ",another solution?,dependency,productive,追问另一种解决方案,productive,追问替代方案,productive,两位标注者一致，直接采纳。
92,a7,4,30,"Creating character mappings is essential because RNNs require numerical input to process data. By mapping each unique character to an index and creating a reverse mapping, we convert text data into numerical sequences that the model can understand. This step allows us to encode input text for training and decode the model's output back into readable characters during text generation.

# This is Cell #5

#TODO: Create a list of unique characters from the text sequence
vocab = 

#TODO: Create two dictionaries for character-index mappings that map each character in vocab to a unique index and vice versa
char_to_idx = 
idx_to_char = 

#TODO: Convert the entire text based data into numerical data
data = 



These are the instructions for the next step. Can we use ASCII values as indexes?","Yes, you can use ASCII values as indexes, but it's not the most common approach. Typically, for character mappings, it's more common to create a unique index for each character in your vocabulary rather than using ASCII values directly. This allows for easier management of your mappings, especially if you have a custom or limited character set.

Would you like to proceed with creating mappings based on the unique characters in your text?",What do you mean,dependency,ambiguous,过短且意图不清,productive,具体要求澄清解释,productive,对助手上一句解释发起直接澄清“what do you mean”，属于理解推进型追问。
93,a6,13,17,This should be more concise in a paragraph format,"Certainly! Here’s a concise paragraph summarizing the intuition behind the `create_frequency_tables` function:

---

The `create_frequency_tables` function is designed to analyze a given text document and construct frequency tables for an n-gram model, capturing the occurrence of individual characters (unigrams) and sequences of characters (bigrams, trigrams, etc.) up to a specified length `n`. It initializes a list of frequency tables, where the first table is a simple count of unigrams, and subsequent tables are structured to count n-grams conditioned on their preceding contexts. As the function iterates through each character in the document, it tallies unigram frequencies directly while also extracting contexts and counting how many times each character follows those contexts for n-grams of size 2 to `n`. By returning these comprehensive frequency tables, the function establishes a foundation for probabilistic modeling and predictive analysis in language processing applications.

--- 

Feel free to modify any part of this paragraph to better fit your style or specific guidelines from your assignment! If you need further assistance, just let me know!","can you give me the markdown code to copy for the following question: ## `calculate_probability(sequence, char, tables)`

### Formula
- ***Write the formula for sequence likelihood as described in section 2***  Here is section 2 for referance: In general, Bayesian Networks are used to visually represent the dependencies (edges) between distinct random varaibles (nodes) in a large joint distribution. 

In the case of a language model, each node in the network corresponds to a character in the sequence, and edges represent the conditional dependencies between them.

For a character sequence of length 4 a bayesian network for our the full joint distribution of 4 letter sequences would look as follows.

![image](https://github.com/user-attachments/assets/7812c3c6-9ed2-40aa-bf16-ea4b15f1b394)



Where $X_1$ is a random variable that maps to the character found at position 1 in a character sequence, $X_2$ maps to the character at position 2, and so on.

This makes clear how the chain rule can be applied to expand the full joint form of a probability distribution.

$$P(X_1=x_1, X_2=x_2, X_3=x_3, X_4=x_4) = P(x_1) \cdot P(x_1 \mid x_2) \cdot P(x_3 \mid x_1, x_2) \cdot P(x_4 \mid x_1, x_2, x_3)$$

In our case we are interested in computing the next character (the character at position 4) given the characters at the previous positions (characters at position 1, 2, and 3). Applying the definition of conditional distributions we can see this is

$$P(X_4 = x_4 \mid X_1 = x_1, X_2 = x_2, X_3 = x_3) = \frac{P(X_1 = x_1, X_2 = x_2, X_3 = x_3, X_4 = x_4)}{P(X_1 = x_1, X_2 = x_2, X_3 = x_3)}$$

Which can be estimated using the frequencies of each sequence in a our corpus

$$P(X_4 = x_4 \mid X_1 = x_1, X_2 = x_2, X_3 = x_3) = \frac{f(x_1, x_2, x_3, x_4)}{f(x_1, x_2, x_3)}$$

To make this concrete, consider an input sequence `""thu""`, where we want to predict the probability the next character is ""s"".

$$P(X_4=s \mid X_1=t, X_2=h, X_3=u) = \frac{P(X_1 = t, X_2 = h, X_3 = u, X_4 = s)}{P(X_1 = t, X_2 = h, X_3 = u)} = \frac{f(t, h, u, s)}{f(t, h, u)}$$

If we wanted to predict the most likely next character, we could compute the probability of every possible completion given each character in our vocabularly. This will give us a probability distribution over the next character prediction $P(X_4=x_4 \mid X_1=t, X_2=h, X_3=u)$. Taking the character with the max probability value in this distribution gives us an autocomplete model.

#### General Case:
Given a sequence $x_1, x_2, \do",ambiguous,dependency,索要可直接复制答案,dependency,直接索要可复制答案,dependency,两位标注者一致，直接采纳。
94,a4,26,62,poly_features = PolynomialFeatures(degree=degree) this line makes  instance of the model?,"No, the line `poly_features = PolynomialFeatures(degree=degree)` does not create an instance of a ""model"" in the way that a regression model like `LinearRegression` would. Instead, it creates an instance of the `PolynomialFeatures` class from Scikit-learn's `preprocessing` module, which is used for preprocessing features to create polynomial and interaction features.

### Explanation of `PolynomialFeatures`

- **Purpose**: The `PolynomialFeatures` class is designed to transform the input data by generating polynomial and interaction features. This transformation allows linear regression models (or other linear models) to model non-linear relationships by using polynomial terms.

### How It Works

1. **Transforming Features**: 
   - When you create an instance of `PolynomialFeatures` with a specified degree, it prepares to generate combinations of features raised to a power. For example, if your input feature is \(x\) and you set `degree=2`, it will generate:
     - \(1\) (the intercept term)
     - \(x\) (the original feature, \(x^1\))
     - \(x^2\) (the squared feature)

   - For `degree=3`, it will generate:
     - \(1\)
     - \(x\)
     - \(x^2\)
     - \(x^3\)

2. **Applying the Transformation**:
   - After creating an instance of `PolynomialFeatures`, you apply it to your feature set (e.g., `X`) using the `fit_transform()` method. 
   - This method transforms the original features into polynomial features according to the specified degree.

### Example

Here's a brief example to illustrate:

```python
from sklearn.preprocessing import PolynomialFeatures
import numpy as np

# Sample data
X = np.array([[1], [2], [3], [4]])

# Create PolynomialFeatures instance with degree 2
poly_features = PolynomialFeatures(degree=2)

# Transform the input features into polynomial features
X_poly = poly_features.fit_transform(X)

print(X_poly)
```

### Output

This would yield the following transformed feature set for \(X = [1, 2, 3, 4]\):

```
[[ 1.  1.  1.],
 [ 1.  2.  4.],
 [ 1.  3.  9.],
 [ 1.  4. 16.]]
```

### Breakdown of the Output

- The first column is the intercept term (all ones).
- The second column is the original feature \(x\).
- The third column is \(x^2\), which allows a linear regression model to fit a quadratic curve based on these polynomial features.

### Summary

While `poly_features = PolynomialFeatures(degree=degree)` does create an instance for transforming your input features into polynomial form, it does not create a prediction model itself",poly_features = PolynomialFeatures(degree=degree) makes a model to which we put data to?,ambiguous,productive,继续确认概念理解,productive,提出概念理解确认,productive,两位标注者一致，直接采纳。
95,a4,3,4,"$\hat{y} = -0.08408537, \quad R^2 = 0.5824, \quad \beta_{\text{age}} = 0.05385, \quad \beta_{\text{bp}} = 0.07033, \quad \beta_{\text{wbcc}} = 0.08723, \quad \beta_{\text{appet\_poor}} = 0.06355, \quad \beta_{\text{appet\_good}} = -0.06355, \quad \beta_{\text{rbcc}} = -0.18311, \quad \beta_0 = 0.26277$
just do the eqation 
Write the linear equation of a slime: (example equation: $E = mc^2$)","The linear equation based on the coefficients you provided can be expressed as follows:

\[
\hat{y} = \beta_0 + \beta_{\text{age}} \cdot \text{age} + \beta_{\text{bp}} \cdot \text{bp} + \beta_{\text{wbcc}} \cdot \text{wbcc} + \beta_{\text{appet\_poor}} \cdot \text{appet\_poor} + \beta_{\text{appet\_good}} \cdot \text{appet\_good} + \beta_{\text{rbcc}} \cdot \text{rbcc}
\]

Substituting the actual coefficients gives:

\[
\hat{y} = 0.26277 + 0.05385 \cdot \text{age} + 0.07033 \cdot \text{bp} + 0.08723 \cdot \text{wbcc} + 0.06355 \cdot \text{appet\_poor} - 0.06355 \cdot \text{appet\_good} - 0.18311 \cdot \text{rbcc}
\]

You can incorporate this equation into your LaTeX document as follows:

```latex
\[
\hat{y} = 0.26277 + 0.05385 \cdot \text{age} + 0.07033 \cdot \text{bp} + 0.08723 \cdot \text{wbcc} + 0.06355 \cdot \text{appet\_poor} - 0.06355 \cdot \text{appet\_good} - 0.18311 \cdot \text{rbcc}
\]
```",with $ signs,dependency,dependency,仅要求改格式,dependency,只要求格式改写,dependency,两位标注者一致，直接采纳。
96,a7,0,1,Hello,Hello! How can I assist you today?,What is an autoencoder?,dependency,dependency,无关转为新知识问答,productive,提出具体概念问题,productive,提出具体概念问题“autoencoder 是什么”，虽然换题，但属于明确的学习性提问。
97,a2,13,28,dictionary.items(),"In Python, `dictionary.items()` is a method that returns a view object displaying a list of a dictionary's key-value pairs as tuples. Each tuple contains a key and its corresponding value from the dictionary. This method is particularly useful for iterating over all key-value pairs in a dictionary.

### Syntax

```python
dict.items()
```

### Return Value

- The method returns a `dict_items` view object. This view object behaves like a set and reflects changes made to the dictionary. You can convert it to a list if you want to work with a static snapshot of the items.

### Example Usage

Here’s a simple example to illustrate how `items()` works:

```python
# Create a dictionary
my_dict = {
    'name': 'Alice',
    'age': 30,
    'city': 'New York'
}

# Get the items (key-value pairs) of the dictionary
items = my_dict.items()

# Display the items
print(items)  # Output: dict_items([('name', 'Alice'), ('age', 30), ('city', 'New York')])

# Iterating over the items
for key, value in my_dict.items():
    print(f""Key: {key}, Value: {value}"")

# Output:
# Key: name, Value: Alice
# Key: age, Value: 30
# Key: city, Value: New York

# Converting items to a list
items_list = list(my_dict.items())
print(items_list)  # Output: [('name', 'Alice'), ('age', 30), ('city', 'New York')]
```

### Key Points

- **Dynamic View**: Because the `dict_items` object is a view, if you modify the dictionary after calling `items()`, the view will reflect those changes.
  
  ```python
  my_dict['country'] = 'USA'
  print(items)  # Output: dict_items([('name', 'Alice'), ('age', 30), ('city', 'New York'), ('country', 'USA')])
  ```

- **Useful for Iteration**: You can use `items()` when you need both the key and the value during a loop.

- **Performance**: The `items()` method allows you to iterate over the dictionary without needing to create a separate list of keys and values, which can be more efficient in terms of memory usage.

### Summary

The `dictionary.items()` method is a powerful and versatile tool for accessing all the key-value pairs in a dictionary in an efficient and readable manner, making it suitable for a variety of use cases, especially when you need both keys and values during processing or iteration.",math.round(),dependency,dependency,无关切换到新函数,dependency,跳到无关新概念,dependency,两位标注者一致，直接采纳。
98,a4,4,11,shouldn't the score be done on the test data,"Yes, you are correct. The model's score should ideally be calculated using the test data rather than just a single sample datapoint. Evaluating the model's performance on the test dataset provides a better understanding of how well the model generalizes to unseen data.

### Steps for Model Evaluation on Test Data

1. **Make Predictions on Test Data**: Use the trained model to predict the outputs for the test dataset.
2. **Calculate the Score**: Use an appropriate metric such as R² score or Mean Absolute Error (MAE) to evaluate the performance of the model on the test data.
3. **Interpret the Score**: This will help you understand how well the model will likely perform in real-world applications when faced with new data.

### Example Code Snippet

Here's how you might implement this:

```python
import pandas as pd
from sklearn.model_selection import train_test_split
from sklearn.linear_model import LinearRegression
from sklearn.metrics import mean_absolute_error, r2_score

# Load the dataset
df = pd.read_csv('science_data_large.csv')

# Separate features (X) and label (y)
X = df.drop(columns=['label'])  # Replace 'label' with the actual label column name
y = df['label']

# Split the data into training and test sets (90% train, 10% test)
X_train, X_test, y_train, y_test = train_test_split(X, y, test_size=0.1, random_state=42)

# Train the linear regression model
model = LinearRegression()
model.fit(X_train, y_train)

# Make predictions on the test set
y_pred = model.predict(X_test)

# Calculate the scores
mae = mean_absolute_error(y_test, y_pred)        # Mean Absolute Error
r2 = r2_score(y_test, y_pred)                     # R² Score

# Print the results
print(""Mean Absolute Error on test data:"", mae)
print(""R² Score on test data:"", r2)
```

### Explanation of the Model Evaluation:

1. **Predicting on Test Data**: You obtain predictions for the outputs of the test set using the trained model (`y_pred`).
2. **Mean Absolute Error (MAE)**: It quantifies the average magnitude of the errors in a set of predictions, without considering their direction. It is the average over the test sample of the absolute differences between prediction and actual observation where all individual differences have equal weight.
3. **R² Score**: This score (coefficient of determination) indicates the proportion of the variance in the dependent variable that can be explained by the independent variables in the model. An R² score close to 1 indicates a good fit, while a score close t",no i mean when using the score function,ambiguous,productive,澄清自己问的是score函数,productive,澄清自己真正问题,productive,两位标注者一致，直接采纳。
99,a2,12,13,how to run python 3.10 version,"To run a specific version of Python (in your case, Python 3.10), you will need to ensure that it is installed on your system. Below are the steps for various platforms: macOS, Linux, and Windows.

### MacOS

#### Step 1: Install Python 3.10 Using Homebrew

If you have Homebrew installed, it's an easy way to manage Python versions. Run the following commands in your terminal:

```bash
brew install python@3.10
```

#### Step 2: Link Python 3.10

After the installation is complete, link Python 3.10 to make it accessible from your command line:

```bash
brew link python@3.10 --force
```

#### Step 3: Verify Installation

Check that Python 3.10 is installed correctly and accessible:

```bash
python3.10 --version
```

This command should return `Python 3.10.x`, where `x` is the specific version number.

#### Step 4: Running Python 3.10

To run Python 3.10, you can invoke it directly with:

```bash
python3.10
```

You can also run a script with Python 3.10 using:

```bash
python3.10 your_script.py
```

### Linux

#### Step 1: Install Python 3.10

For Ubuntu or Debian-based systems, you can typically install Python 3.10 using `apt`. You may need to add a PPA for it:

```bash
sudo add-apt-repository ppa:deadsnakes/ppa
sudo apt update
sudo apt install python3.10
```

#### Step 2: Verify Installation

Check the installation:

```bash
python3.10 --version
```

#### Step 3: Running Python 3.10

To start Python 3.10:

```bash
python3.10
```

To run any Python script with that version:

```bash
python3.10 your_script.py
```

### Windows

#### Step 1: Download and Install Python 3.10

1. Go to the [official Python downloads page](https://www.python.org/downloads/release/python-3109/).
2. Download the Windows installer for Python 3.10.
3. Run the installer and ensure that you check the box that says **Add Python 3.10 to PATH**. This is important for accessing Python from the command line.

#### Step 2: Verify Installation

Open a Command Prompt (search for ""cmd"" in the Start menu) and type:

```bash
python --version
```

If it shows the version is not correct, you can specifically check for Python 3.10 by typing:

```bash
py -3.10 --version
```

#### Step 3: Running Python 3.10

To run Python 3.10 interactively, use:

```bash
py -3.10
```

To run a script with Python 3.10:

```bash
py -3.10 your_script.py
```

### Additional Notes

- **Virtual Environments**: If you plan to work on different projects with different dependencies, consider creating a virtual environment with",How to uninstall vscode,dependency,dependency,无关切换到卸载VSCode,dependency,跳到无关卸载问题,dependency,两位标注者一致，直接采纳。
